"y","z","x1","x2","x3","x4","x5","x6","x7","x8","x9","x10"
-2.24109153795041,1,1,1,1,1,1,1,1,0,0,0
0.368106767183565,1,0,1,1,0,0,1,1,0,0,0
-0.274021304621644,1,0,1,1,0,1,1,1,1,1,1
-2.8633009438505,1,1,0,1,1,1,1,0,0,0,1
1.41549154382604,0,0,1,0,1,1,0,1,0,1,0
-1.77559064689531,0,0,1,1,1,0,1,0,0,1,0
-1.66498202350241,0,1,1,0,1,1,1,1,0,1,1
1.74230515968964,1,0,0,0,0,0,0,1,0,0,1
-0.334888450756088,1,1,0,1,0,0,1,0,1,1,0
-2.72426631348538,1,1,1,1,1,1,0,1,1,1,1
-2.23547905827253,1,1,1,1,1,0,1,1,0,0,1
1.24097466837781,1,0,0,0,0,1,1,0,0,0,1
-0.0725566568257814,0,0,0,1,1,0,0,0,0,1,1
-0.129634450666057,1,0,1,1,0,0,0,0,1,1,1
-2.6763460787567,1,1,0,1,0,1,1,1,1,0,0
0.876994120540602,0,0,1,0,0,0,1,0,1,0,0
-1.37059715724628,0,0,1,0,1,1,0,0,0,1,1
0.548044380736917,0,1,0,1,0,0,0,0,0,0,0
0.49186081063398,0,1,1,1,1,0,1,1,1,0,1
0.738638660325793,0,0,0,1,1,0,0,1,1,1,1
-0.420352899544839,1,0,1,1,0,1,0,0,1,0,1
-0.0994282978501923,0,0,1,0,1,0,1,0,1,1,1
-0.126827422844019,0,0,0,0,0,1,0,0,0,0,0
-0.0999901900940949,0,1,1,0,0,1,1,1,0,1,0
1.4257649891658,0,0,0,1,1,0,0,1,0,1,1
0.339894478811287,0,0,1,0,1,0,1,1,0,0,0
-0.0262488537336055,0,1,1,1,1,0,1,0,1,1,1
1.179374091623,0,1,0,0,1,0,1,1,1,0,1
0.286858556050253,0,0,1,0,0,0,1,1,1,0,1
1.48880275748302,0,0,0,0,1,0,0,0,1,1,1
-1.48676267097721,1,1,1,0,0,0,0,0,1,0,0
1.72345921448285,0,0,1,1,0,1,0,0,1,0,0
2.13639819060838,1,0,0,0,1,0,1,0,1,0,1
0.793984088615307,0,0,1,0,0,0,0,0,0,1,1
-0.984099348863482,0,0,0,1,0,1,1,0,1,1,0
-3.77459874837025,1,1,1,1,1,1,0,0,0,0,1
-1.05128613331301,0,1,1,1,1,0,0,0,0,0,1
-0.284753572024298,0,1,1,0,1,1,0,1,1,1,1
1.33944713072666,0,1,0,1,1,1,0,0,1,1,1
-0.356280212688613,0,0,0,1,1,1,0,0,1,0,1
-1.87218118538301,0,0,0,1,0,0,0,0,0,0,0
0.829145299881442,1,0,0,0,0,1,1,1,0,0,0
1.35530847339895,0,0,0,0,0,1,1,1,0,0,1
0.360620107493554,0,0,1,1,1,0,0,0,1,1,1
0.100668531010744,0,1,0,1,1,0,0,1,1,1,1
2.05293957684082,1,0,0,0,0,1,0,0,0,1,0
0.00751485975337463,0,0,1,1,0,0,0,1,1,1,1
2.24014075490319,1,0,0,1,1,1,0,0,0,1,0
0.688361352209423,0,0,0,1,0,1,1,1,0,0,1
-2.18784169067144,1,1,1,1,1,0,0,0,1,0,0
-2.62666018497715,1,1,1,1,1,1,1,0,1,1,1
0.517657940078728,0,0,0,1,0,1,1,0,1,1,1
-0.907205717444428,0,0,0,1,1,0,0,0,1,0,0
0.562283197948461,0,0,1,0,0,1,0,1,1,0,1
1.94065998774071,1,0,0,0,0,1,1,1,1,0,1
-1.24297436328397,0,0,1,0,0,0,0,0,0,0,1
2.27018791856947,0,0,1,0,0,0,1,1,1,1,0
-1.24453808413958,1,1,0,0,1,1,0,1,0,1,0
-0.00735943483946218,0,0,1,0,0,1,0,0,1,0,0
-0.481619578931637,0,0,1,0,0,0,0,0,1,1,0
1.92004701808949,0,0,0,0,1,0,0,0,1,1,0
-0.986807861227293,0,1,1,0,1,1,0,1,0,0,0
-0.223903534710917,0,1,1,0,1,1,1,1,1,0,1
-3.1423673929951,1,1,0,1,1,1,1,1,0,0,0
1.50078488416085,0,0,0,0,0,0,0,0,0,0,0
-0.49306575194513,0,0,0,0,1,0,1,0,1,0,1
1.30638591316524,0,0,0,1,0,1,0,1,1,0,0
0.949387331418366,1,0,1,1,0,0,1,0,1,0,1
-1.38889071622884,0,1,1,1,1,1,1,0,1,1,1
1.7701043423145,1,0,0,1,1,0,0,0,0,0,0
1.26140284426187,0,0,0,0,1,1,1,1,1,0,0
0.234836498001612,0,0,0,1,1,1,0,1,1,1,0
1.44908009525272,0,1,1,1,1,0,1,0,1,0,0
0.331877231578072,0,0,1,0,1,1,1,1,0,0,1
-0.479109702996629,0,1,0,0,0,1,0,1,0,1,1
0.149856804837161,0,0,1,0,1,0,0,1,0,1,1
-1.40206899331774,1,1,0,1,1,0,0,1,1,0,1
0.201275540362043,0,1,1,1,1,1,1,0,0,1,1
0.936680385797454,1,1,0,0,1,1,1,1,0,1,1
-1.8054479256429,0,0,1,1,1,0,1,1,0,0,1
-0.578254805659869,0,0,0,0,0,1,1,1,1,1,1
3.14990789119634,1,0,0,1,0,1,1,1,1,0,1
1.13738389939917,1,0,0,1,1,1,1,0,1,1,0
-0.594524019814081,1,1,1,0,1,0,1,0,1,0,1
-0.759602541517867,1,1,1,0,1,0,0,0,0,0,0
-0.915534743831724,1,0,1,1,1,0,0,1,1,1,1
-1.20388801246451,0,0,0,1,0,0,0,0,1,1,0
0.23153348088371,0,0,1,1,1,1,1,0,0,1,0
-0.563398493269816,1,0,1,1,1,1,0,1,0,1,1
-0.0479781024735621,0,1,1,1,0,1,0,1,1,1,1
-0.00377099162214786,0,1,0,1,0,0,1,0,0,0,1
2.0387755280367,1,0,0,1,1,1,0,0,0,0,1
-0.438262981646254,0,0,1,0,1,0,1,0,0,1,0
2.45353090681629,1,0,0,0,0,1,0,0,1,0,0
0.980291899589283,0,0,1,1,0,0,0,0,0,1,0
0.202326985025185,1,1,1,0,0,1,1,1,1,1,0
1.91751065393728,0,0,1,0,0,1,0,0,0,0,1
-0.169142134673305,0,1,1,1,1,1,1,1,1,1,0
0.711394796556633,1,0,1,1,0,0,0,1,0,0,0
-1.88548988778775,1,1,0,1,1,1,1,1,1,1,0
2.01863001159259,0,0,1,0,0,0,1,0,0,0,1
-0.484841222090741,0,1,1,1,1,1,0,0,0,1,0
-0.746539231811911,1,1,1,1,1,1,0,1,0,1,1
-1.86138671117583,1,1,0,1,0,1,1,1,1,1,1
-2.25958743114526,0,0,0,0,1,0,0,1,1,0,1
-0.28909344954287,0,1,1,0,1,1,1,1,0,1,0
0.258143023412677,0,0,0,1,1,0,0,1,1,1,1
0.201463147851355,0,1,1,1,0,1,1,0,1,1,1
1.89139042058462,1,1,0,0,0,1,1,1,0,0,0
-1.1508858588681,0,1,1,1,1,1,1,1,1,0,1
0.401118876345573,0,1,1,0,0,1,0,0,1,0,1
1.55494692063473,1,0,1,1,1,0,1,0,1,0,1
-0.205227829716386,1,1,0,1,0,0,0,1,1,1,0
2.6957285009624,1,1,0,0,0,0,0,0,0,0,0
-0.186898766206646,0,1,0,0,1,0,1,1,1,1,1
-0.627657258242379,0,1,1,0,0,0,1,1,0,1,1
-0.0662604963883176,0,1,0,1,1,0,0,1,0,0,1
-0.493466902502939,0,0,0,0,1,0,1,0,1,1,0
1.95178854903183,0,0,0,1,1,1,0,1,1,0,1
0.498838723873922,0,1,1,0,0,1,1,0,0,0,0
-0.341007898514843,0,0,1,0,0,1,0,1,0,1,1
-0.577305227253914,0,1,1,1,1,1,1,1,0,1,1
-1.20401861756946,1,1,0,1,1,1,1,0,1,1,0
1.24068894693139,1,0,0,1,0,0,1,0,1,1,1
-1.31922396769021,0,1,1,1,1,1,1,1,1,0,0
-0.581661058076801,0,0,1,1,0,0,0,1,1,0,1
-0.0399036760629311,0,0,0,0,1,0,1,0,1,0,0
2.25788129494378,0,1,1,1,1,0,0,1,1,1,1
-0.124328116001755,0,0,0,0,0,1,0,0,1,1,0
0.15069715385466,0,1,1,1,1,1,1,1,1,1,0
0.996032977400838,0,1,0,0,1,1,0,0,0,0,0
-0.807774951432127,1,1,0,1,1,0,0,1,0,1,1
-0.944602141975565,1,1,1,0,0,0,1,0,1,0,1
-1.58293242402868,1,1,1,1,1,1,1,1,1,1,0
-1.35201435865343,1,1,0,1,1,1,0,0,1,0,0
-0.0122461564806849,0,0,1,0,1,0,1,0,0,0,1
-2.75559039365449,1,1,0,1,1,1,0,1,1,1,0
3.02906374632374,1,0,0,1,1,1,1,1,0,0,0
-2.22861454602847,1,1,1,1,1,1,1,1,1,1,1
0.376440663458244,0,1,1,1,1,1,0,0,0,1,1
-0.328252095708956,0,1,1,0,1,1,0,0,0,1,1
-0.171272116714874,0,0,1,0,1,1,1,0,0,1,0
0.0937038298280725,0,0,1,0,1,0,0,1,0,1,0
-1.31668174582141,0,1,1,0,0,1,0,0,1,1,0
2.02207389204621,1,0,0,0,0,0,0,0,0,0,0
-0.351061195872291,0,1,1,1,1,1,0,0,1,1,1
-1.70882946500789,1,0,1,1,1,0,1,0,1,1,0
2.70973773254265,1,0,0,1,1,0,1,1,0,0,0
0.183744050468601,0,0,0,0,0,1,0,0,0,1,1
-0.487320283473409,0,1,1,1,1,1,1,0,1,1,0
-0.755032357810386,0,1,0,0,0,1,0,1,0,1,0
0.831558387116773,0,1,0,0,1,0,0,0,0,0,1
-0.520277833097955,1,1,1,0,0,0,0,0,0,0,0
-0.767336705028607,1,1,1,1,1,1,1,1,1,0,1
0.456358514824555,0,0,1,1,0,1,0,1,0,1,1
-1.48143788150475,1,1,0,0,1,1,0,0,0,1,1
-1.23826508939819,0,0,1,0,1,1,1,0,1,0,1
0.870355867981169,1,0,0,0,0,0,1,1,1,1,1
2.23981462082373,1,0,0,0,0,0,0,0,0,0,1
-2.12418888220171,0,1,1,1,0,1,0,0,0,1,1
-3.17178289894195,1,1,1,1,1,1,1,1,1,0,0
0.626595617800194,0,0,0,1,1,1,1,1,1,1,1
0.185532554177659,0,0,1,0,1,0,0,0,0,0,0
0.284872035639059,0,1,0,1,0,1,1,1,1,1,1
0.123812897446297,0,1,1,1,1,1,1,1,1,0,1
1.22980528347465,1,0,0,1,0,1,1,1,1,1,1
0.0313945714622912,1,0,1,0,1,0,1,0,0,1,1
-0.640291002259268,0,0,1,0,1,0,0,1,0,0,1
2.31702701242829,0,0,1,1,1,1,1,0,1,1,1
0.789077268660075,0,0,1,1,0,1,1,1,1,0,0
-1.34874957610266,1,0,1,0,0,0,0,0,0,1,1
-1.51952470614739,0,1,0,0,0,1,1,1,1,1,1
-0.946262320158718,0,0,1,0,0,1,1,0,1,0,0
1.31073016058866,1,0,0,0,0,0,0,0,1,0,0
-0.856686330578491,0,0,1,0,0,0,1,0,1,0,1
2.03866750096043,1,1,0,0,0,0,0,0,1,1,0
0.776653866714344,0,0,1,0,0,1,1,1,0,0,1
1.14225760000818,0,1,0,0,0,0,1,1,1,0,1
0.474008437761155,0,0,0,1,0,0,0,0,0,0,0
-0.184263826373518,0,1,1,1,1,0,0,0,1,0,0
-1.61269686403977,1,1,1,1,0,0,0,1,1,0,1
-2.17247586548291,1,1,1,1,1,0,1,0,1,1,1
-1.21781130954297,0,1,0,0,1,1,0,0,0,1,0
0.540133818734484,1,0,0,0,0,1,1,0,0,1,0
0.970136351379391,1,0,0,1,0,1,0,1,0,1,1
2.19625968032005,1,1,0,0,0,1,1,1,0,0,1
1.46463831085055,0,1,1,0,1,1,0,1,1,0,0
1.23978220006454,0,0,0,0,1,0,0,1,0,0,1
-1.60878865430239,1,1,0,1,0,0,0,0,0,0,1
0.108779421033779,0,0,1,0,0,1,0,1,0,1,1
0.0351043199323774,0,1,1,0,1,0,0,0,0,0,0
0.126690915710891,0,1,0,0,0,0,0,1,1,1,0
-0.279449395372629,0,0,0,0,1,1,1,1,0,1,0
0.605389318288306,0,0,1,1,0,1,1,1,1,1,1
-1.29179537094803,1,1,0,1,1,0,1,0,1,0,0
-1.97821457366025,1,1,1,1,1,0,0,0,1,0,1
-1.21867751071587,1,1,0,0,0,1,0,1,0,1,0
0.0735091276748345,0,0,0,0,1,1,1,0,1,0,1
-0.161712650436434,0,1,0,1,0,1,1,1,1,0,0
-0.695271730511371,0,0,1,1,1,0,1,1,1,0,0
-1.61532201271611,0,0,0,1,1,1,1,1,0,0,0
-0.992622697036688,0,1,1,0,1,0,0,1,1,0,0
-0.758963757090015,1,1,1,1,0,1,1,1,1,1,0
0.238693197718871,0,0,0,1,0,0,1,1,1,0,0
-1.71441179042523,1,1,0,1,1,1,0,1,0,1,1
-0.5961722604934,1,1,0,0,0,1,0,1,0,1,0
-1.85361847874641,0,1,1,0,0,0,1,1,0,0,0
1.48069991806948,0,0,0,0,1,0,0,1,1,0,1
3.90575418191377,1,0,0,1,0,0,1,1,1,0,1
-3.17265978409213,1,1,1,1,0,1,1,1,1,1,1
-1.05773310268414,0,0,0,1,0,1,0,1,1,1,1
0.979310506015644,0,0,1,1,0,0,1,1,1,1,0
1.17075254471998,0,0,0,1,0,0,0,0,1,1,1
-0.962272172423664,1,1,1,1,1,0,0,0,1,1,1
0.308280351977111,1,1,1,0,0,0,1,0,1,1,1
-0.749758119233059,0,0,1,1,0,0,1,1,0,1,0
-0.124380617528502,0,0,0,0,0,0,0,1,0,1,0
0.869269621369958,0,0,1,0,1,1,1,1,0,0,1
-2.49162743748202,1,1,0,1,1,0,1,1,1,1,0
0.283375688960785,0,1,1,1,0,0,0,1,1,0,0
0.327735864947801,1,0,1,0,0,0,1,0,1,1,0
1.39205611902502,0,0,1,1,0,1,1,1,1,0,1
-2.58815796667326,1,1,0,1,1,1,1,1,1,1,0
-1.14161090042479,0,1,1,1,1,0,0,1,1,1,1
0.161976040043175,0,1,1,1,0,1,1,0,1,1,1
-0.364949207792856,0,1,0,0,1,1,1,0,1,0,1
-0.224434271024798,0,1,1,0,0,1,1,1,1,0,1
0.258029463089231,0,0,1,1,1,0,0,1,1,1,0
-0.178859641044469,1,1,0,0,0,0,0,0,0,1,1
-0.398846681545591,0,0,0,0,1,1,0,0,1,0,0
-1.9449356832106,1,1,1,1,1,1,0,1,0,0,0
1.99193440117514,0,1,1,1,1,0,1,1,1,1,1
-2.21697258952051,0,0,1,0,0,0,1,0,1,0,0
0.577815564485764,1,1,0,0,0,0,1,0,0,0,1
-2.18764173974739,1,1,0,1,0,0,1,0,1,1,0
-1.22084068736236,1,1,0,1,1,0,1,1,0,1,0
0.68860417601418,0,0,1,0,1,0,1,1,0,1,0
3.16111320289369,1,0,0,0,0,1,0,0,0,0,1
-0.0203724252793481,0,0,1,0,1,1,1,0,0,1,1
0.542088167008788,0,1,0,1,1,0,0,0,0,0,1
1.39238996478563,0,1,1,1,0,1,1,1,1,0,1
-0.687599944219289,0,0,0,0,0,0,0,1,1,1,1
-0.47284016891317,0,0,0,0,0,1,1,1,1,0,0
0.632036597733033,0,0,0,0,0,0,1,1,1,1,1
-3.10970823454002,1,1,0,1,0,1,0,0,0,0,0
-2.31431808709836,1,1,0,0,0,0,0,1,0,0,0
-2.24607468976568,1,1,0,1,1,0,0,0,0,1,1
-0.337822283667488,0,1,1,1,1,0,0,0,0,1,0
0.685583967639405,0,1,1,0,0,0,0,0,1,0,0
-0.417638767206835,0,1,0,0,0,1,0,0,0,1,1
2.21770468323499,1,0,0,1,1,1,1,0,1,1,1
-2.00131949301838,1,1,0,1,0,1,1,1,1,0,0
0.368414256431193,0,0,1,0,1,1,0,0,0,1,1
0.208954834872359,0,0,0,0,1,0,1,1,0,0,1
2.47859711238226,1,0,0,1,0,0,0,0,1,0,1
0.400986226574286,0,0,0,1,0,0,0,1,1,1,0
2.06148301667363,1,0,0,1,0,0,1,0,1,0,0
1.47550129734889,1,0,1,0,1,1,1,0,1,0,1
0.74880029674839,1,0,0,1,1,0,1,1,1,0,1
1.22670575049224,1,0,1,1,1,0,1,0,0,1,0
0.172914226638513,0,1,1,1,1,1,1,1,0,0,1
0.324540641399721,0,1,0,0,0,0,1,0,0,0,1
1.67431669695848,1,0,0,1,1,0,0,1,1,0,1
0.17466100954887,0,0,1,1,1,1,0,1,0,1,1
-0.600677511260821,0,0,0,0,0,0,0,0,1,1,0
-1.56312484892151,1,0,1,0,1,1,1,1,1,0,0
0.285154183899063,1,0,1,1,0,0,1,1,0,1,1
0.736469372308748,1,1,0,0,0,1,0,1,0,0,0
-1.21989239063234,1,1,0,1,0,1,1,1,1,1,1
-1.68730960232535,0,0,0,1,0,0,1,1,1,0,0
1.07866165557216,1,1,0,0,0,0,0,0,0,1,0
-2.51763590605857,1,1,0,1,0,0,1,0,1,1,1
0.487429807126414,0,0,1,1,0,0,0,0,0,1,0
-1.36918564072125,1,1,0,0,1,0,1,0,0,1,1
0.769992910527902,0,1,1,0,1,1,0,1,1,1,1
-1.82014843833516,0,0,0,0,1,1,1,1,1,1,1
-2.75030134191306,1,1,1,1,1,1,0,1,1,1,1
-0.260487068322394,0,1,0,0,0,1,1,0,0,0,0
0.672620840448001,0,1,1,1,1,1,1,1,0,1,0
-1.61965484529872,0,0,0,1,0,1,0,0,1,1,1
-0.351073427565318,0,0,1,1,0,1,0,1,0,0,1
1.15101236793537,0,0,1,0,0,0,1,0,1,1,1
-0.0155064645884788,0,0,1,1,0,0,0,1,0,1,1
-0.0592316044636668,0,1,1,0,0,0,1,1,0,0,0
0.607940520419408,0,0,0,0,0,1,1,1,1,1,0
-0.970439330228676,0,1,1,0,0,1,0,1,0,0,1
-0.102155966118946,0,0,1,1,1,1,0,0,1,1,1
1.02844017232149,0,0,1,1,0,1,0,1,0,1,1
1.15415080078418,0,0,1,1,1,1,0,1,0,1,1
0.579955101317537,0,0,0,0,0,0,0,1,0,1,1
-0.995812568418832,1,1,0,1,1,0,1,1,1,1,0
1.05553433836833,0,1,1,1,1,0,0,1,0,1,0
1.24309046946396,1,0,0,1,1,1,1,0,1,0,1
0.164430662290656,0,0,1,1,1,1,1,0,1,1,1
-0.211536393896239,1,0,1,1,1,0,0,0,1,1,0
0.469989927085287,0,1,1,0,0,0,1,0,1,0,1
-0.412307288754422,1,0,1,1,1,0,1,0,0,1,1
-0.110796795553299,0,0,0,0,1,0,1,0,0,0,0
-1.45541505611026,1,1,0,1,0,0,1,0,1,1,1
-1.56659113217741,1,1,0,1,1,1,1,1,1,1,1
1.51163284223006,0,1,1,1,0,1,1,1,1,0,0
0.867735240513212,1,0,1,1,0,1,0,1,1,1,0
-2.29419104097237,1,1,1,1,1,1,0,0,1,1,0
1.12241745473357,0,0,0,1,0,0,0,0,0,0,1
0.945799487819321,0,1,1,0,0,0,1,1,1,1,1
-0.515852106872127,0,1,0,0,0,1,1,1,0,0,1
-0.0881221722274229,0,0,0,1,1,1,1,1,0,1,1
-2.21821148870443,1,1,0,1,1,0,0,1,1,0,0
-0.632926234649748,0,1,0,0,0,1,0,1,0,0,1
2.2171818551785,0,1,1,1,1,1,1,1,1,0,1
1.13693604393369,1,0,0,1,0,1,1,0,1,1,1
-0.943993540309584,0,1,1,1,1,1,0,1,1,1,0
-2.05929947462606,0,0,0,0,0,1,1,0,0,0,0
3.17420420199975,1,0,0,1,0,0,0,1,0,0,1
1.16038929387204,0,0,0,1,1,0,0,1,1,0,1
-1.72757486567409,1,1,0,1,1,1,1,1,0,1,0
-0.794243050932752,0,0,1,0,1,1,0,1,1,0,0
-0.113684723510267,0,1,0,0,0,1,0,0,1,0,0
-0.270685545857348,0,0,0,0,1,1,0,1,0,0,0
1.28574359284147,0,0,0,0,0,0,1,0,1,1,0
-0.811021697694853,0,0,0,0,0,1,1,0,1,0,0
0.313126315896324,0,0,0,1,0,0,0,1,0,1,0
1.17779689141568,1,0,0,1,1,0,1,1,1,1,1
-3.18234832559806,1,1,0,1,1,0,1,1,1,0,0
-0.00768572550480183,1,1,0,0,0,1,0,0,1,0,1
1.36010097917472,0,1,0,0,1,0,1,0,1,0,0
-3.29386537266575,1,1,1,1,1,1,1,1,1,1,1
-0.402393452006008,0,0,0,1,0,1,1,1,1,0,1
-1.49983657336771,0,1,1,1,1,1,1,1,1,1,0
0.648285597254986,0,0,1,0,1,0,0,0,0,0,1
1.19648069974974,1,1,0,0,1,0,0,1,0,1,0
0.526071089976566,0,0,0,1,1,1,1,0,0,1,1
-0.601204338016081,0,1,1,1,1,1,0,0,0,0,0
-0.14055154892893,0,1,1,1,1,1,0,0,1,0,0
1.83945224158459,0,0,1,0,0,0,0,0,0,0,0
-1.0413500747278,1,1,1,1,0,0,1,1,0,0,0
-1.38468990173528,0,1,1,0,1,0,1,1,0,1,1
0.0935779216506171,0,0,0,0,1,0,0,0,1,0,0
-0.335443627840166,1,1,1,1,0,1,1,0,1,0,0
-0.213021529968121,1,1,0,0,0,1,1,1,0,0,0
-0.759454709327091,0,1,0,0,1,1,1,1,1,1,1
-0.375386193642237,0,1,1,0,1,0,1,1,0,1,1
2.55498047562409,1,0,0,0,1,1,1,1,0,1,1
-0.278433251319386,0,1,1,0,0,1,0,1,0,0,0
0.577376821476189,0,1,0,1,0,1,0,0,1,1,0
0.69167911344807,0,0,1,0,1,1,0,0,0,0,1
0.0907842434337735,0,1,0,0,0,0,0,0,0,1,0
-0.772278900349102,0,0,1,1,0,0,0,0,1,0,0
1.9148856364772,1,0,0,1,0,1,1,1,1,0,0
1.18435387853889,0,0,1,1,1,0,0,0,1,1,0
-0.22910114162201,0,1,1,1,1,1,1,0,1,1,1
1.07076813334782,0,0,1,1,1,1,1,1,1,1,1
-1.36998156377798,0,0,0,0,0,1,1,1,1,0,0
0.6983151277986,0,0,1,0,0,1,1,0,1,0,1
1.6334074998804,0,0,0,0,0,1,0,0,0,1,0
-1.70064720647799,0,1,0,1,0,1,1,1,1,0,1
1.49538316786057,0,0,0,0,0,1,0,0,0,0,0
-0.436219045610568,1,1,1,1,1,0,1,1,1,1,1
0.989615036439438,0,0,1,1,0,1,0,0,0,1,0
0.0761428206972814,0,1,0,0,1,0,1,0,1,1,1
1.46856889928456,1,1,1,0,0,0,1,1,1,0,1
0.583612710276384,0,1,1,0,0,1,1,0,1,0,0
-3.13739246538405,1,1,0,1,1,0,1,0,1,0,1
0.795021365711291,0,1,1,0,1,1,1,1,1,1,1
0.0932601568168624,0,0,0,1,0,0,1,0,0,1,1
2.18779099260786,0,0,1,0,0,1,1,0,0,1,0
-0.304466760310777,1,1,0,0,1,0,1,0,0,0,1
1.16021691395299,0,0,1,1,0,0,1,0,0,1,0
-0.48397328200356,0,1,1,0,1,1,1,1,1,1,1
2.50755495411585,1,0,0,0,0,1,1,1,1,1,1
-0.415558393450951,0,0,0,1,0,0,1,0,0,0,0
1.21786236336521,1,0,1,0,1,1,1,0,1,1,0
0.0290191553921529,0,1,0,0,0,1,1,0,1,0,0
-1.13340493867116,0,0,0,0,0,0,0,1,0,1,1
0.938814278710583,0,1,0,1,1,1,0,0,1,0,1
0.422604346244057,1,1,0,0,1,1,0,0,1,1,0
-0.111739985270374,0,1,1,0,0,0,0,0,1,0,0
4.03638292434238,1,0,0,1,1,1,0,1,1,0,0
0.434646518604121,0,0,0,0,1,0,0,0,1,0,1
-3.9491668572658,1,1,1,1,1,1,0,0,0,1,0
-0.689214398425203,0,1,1,0,1,1,1,0,0,0,1
0.801491013396648,1,0,0,1,0,1,1,1,1,1,1
1.21805340932716,0,1,1,1,1,1,1,1,1,1,1
-0.779264990382515,0,1,0,1,0,0,1,1,1,0,1
0.476695883370327,0,0,1,1,0,0,0,1,0,1,0
-0.218949016032294,0,1,0,0,1,1,0,1,1,1,1
-2.03305554630207,1,1,1,1,0,1,0,1,0,1,1
2.22314664992771,0,0,1,0,1,0,1,0,0,1,1
0.282249738757971,0,0,0,0,1,0,0,0,0,0,0
0.420131343300244,0,0,0,0,1,1,1,1,0,0,0
1.33635380793393,1,0,1,1,1,0,0,0,0,1,0
-1.14550046594644,1,1,0,0,1,0,0,1,1,1,1
1.30114416359228,0,0,1,1,0,1,1,0,0,0,0
1.75265901674696,1,0,0,1,1,0,1,0,1,1,1
-1.030205463387,0,1,1,0,1,1,0,1,1,1,1
-1.23473235757708,0,1,1,1,0,0,1,1,0,1,0
1.11577355032491,0,1,0,1,0,0,0,1,1,1,0
-2.08637511118941,1,1,1,1,1,0,0,0,0,1,0
-0.702431082146735,1,0,1,1,0,0,0,0,0,0,0
0.670239363553162,0,1,1,1,1,0,1,1,0,0,1
-1.76821009069725,0,0,1,0,0,0,0,0,0,0,0
-0.40159031514229,0,1,1,0,1,1,1,1,1,0,1
0.0304701782656879,0,1,0,1,0,1,1,1,1,0,1
2.05814746803516,0,0,1,0,0,0,1,0,0,0,0
2.50385661312945,1,0,0,0,1,1,0,0,1,0,1
0.683766813095598,1,0,0,1,1,1,1,0,1,0,1
1.43210451665226,0,1,1,0,1,1,0,1,0,1,0
-2.18223897606941,0,0,1,0,0,0,0,0,0,0,0
0.105610484488496,0,1,1,0,0,0,0,0,1,0,1
0.833144478687444,0,0,1,0,0,0,0,1,0,0,0
-0.560561623326911,1,1,0,0,1,0,1,0,1,1,1
0.0193258018206212,0,0,1,0,1,1,0,0,0,1,0
-0.875118529505991,0,0,0,0,0,0,0,1,0,0,1
-1.25659711073402,0,1,1,1,1,1,0,1,1,1,0
-3.01226742701569,1,1,1,1,0,1,0,0,1,1,0
0.70176987008822,0,1,0,0,1,1,1,1,1,1,0
3.09236708731542,1,0,0,0,1,0,1,1,0,0,1
-2.85600473824557,1,1,0,1,0,0,0,0,0,0,1
0.0173590053693671,0,0,1,0,0,1,0,1,0,0,1
-0.412293788792717,0,0,1,1,0,0,0,0,1,1,1
-1.40604295088353,1,1,1,1,1,1,0,1,1,0,1
2.22252030498055,1,0,0,1,0,1,1,1,0,0,0
-1.06554874938928,0,0,0,0,0,1,0,0,1,0,0
-2.09966861174985,1,1,1,1,0,0,1,0,1,1,1
1.01325422566995,1,0,0,1,0,0,1,0,0,1,1
1.19139168368984,0,0,1,0,0,1,0,0,0,0,0
0.160944253813191,0,0,1,1,0,0,1,0,1,0,0
0.44090556127157,1,0,1,1,1,1,1,1,1,1,1
-0.1997937902182,0,0,1,0,1,1,0,1,1,1,0
1.72564145835934,1,0,0,0,1,0,1,0,0,0,0
1.13945811178564,0,0,1,0,0,0,1,1,0,1,0
-1.46079216418508,0,1,1,1,0,0,0,0,0,1,1
0.889454721141841,1,1,0,0,0,0,1,0,0,0,0
1.43361594132333,0,1,1,0,0,0,0,1,1,1,0
-0.200896761431623,1,1,0,0,1,0,0,1,1,0,0
-1.44511622866977,0,1,1,0,1,1,1,0,0,1,0
0.94574222824976,1,1,1,0,0,0,0,0,0,0,0
-2.31032125351979,1,1,1,1,0,1,0,1,1,1,1
0.466682217680508,1,1,1,1,0,1,1,0,1,0,1
-2.63991731728107,1,1,0,1,1,0,0,1,1,1,1
1.19200880138605,0,1,0,0,0,0,1,0,0,0,1
-0.815062650684922,0,0,0,0,1,1,0,1,0,1,1
-0.951925763387706,1,0,1,0,1,0,1,0,0,1,1
-0.326011670447523,0,0,0,1,1,0,0,0,0,0,1
-1.04904113834736,1,1,1,1,1,0,1,1,1,1,1
-0.574345860377465,1,0,1,1,1,0,1,0,1,0,0
0.32238003498761,0,0,0,0,1,1,0,0,1,0,1
-1.02811904021047,1,1,0,1,0,0,0,0,1,0,0
0.265188495604096,0,1,1,0,1,0,1,1,1,1,1
2.04743588929402,0,0,0,0,0,0,0,0,0,0,1
-0.802383938604503,0,1,0,0,0,0,1,0,0,0,1
0.103768182334819,1,0,1,0,1,1,1,1,1,0,0
-1.65213013047261,0,1,0,0,0,1,1,0,0,0,0
1.87614559790366,1,0,0,0,0,1,0,0,0,1,0
1.37348016643252,1,0,0,0,1,0,1,1,0,1,1
0.90760470922284,1,0,1,0,0,0,0,0,0,0,1
-0.827639212874692,1,0,1,1,1,1,0,1,1,1,1
-2.55180630043558,1,1,1,1,1,0,1,0,1,0,0
2.94804807009878,1,0,0,0,0,1,1,0,0,0,1
0.904604193373275,0,0,1,0,0,1,1,0,1,0,0
-0.7955487396499,1,1,0,0,1,1,0,0,1,1,1
-2.0760648055865,0,1,0,0,0,0,0,1,1,1,1
-1.48237337659774,0,1,0,0,0,1,0,1,1,0,0
-0.75292319800766,1,1,1,1,0,1,1,0,1,0,0
0.316378653739159,0,0,0,1,0,0,0,1,1,1,0
-0.815453112096058,0,0,0,0,0,0,0,0,0,0,0
0.371087059639209,0,1,1,1,1,0,1,1,1,0,1
0.316941270828529,0,1,1,1,1,0,0,1,1,0,0
-2.22753735993359,1,1,0,1,0,1,0,0,0,0,1
-2.28155046737026,0,0,0,1,0,1,1,0,1,1,1
1.41982377018569,1,0,0,1,1,1,0,1,1,0,0
0.307368355950509,0,0,1,1,1,0,1,1,1,1,1
3.19007165785263,1,0,0,1,0,0,1,0,0,1,0
-2.53571727295285,1,1,1,1,0,0,1,0,0,0,1
2.2832140537352,1,0,0,0,1,0,0,0,0,0,1
0.0213871209608862,0,1,0,0,0,0,1,0,1,1,1
-3.32014267136498,1,1,1,1,1,1,0,0,0,0,0
0.25194669339688,0,1,1,1,1,1,0,1,1,1,1
0.465880999822508,0,0,0,0,0,0,0,0,0,0,1
1.44697643474511,0,0,1,0,0,0,1,1,1,1,1
-0.015619029052115,0,0,1,1,1,1,1,0,1,1,0
-1.77012608272823,1,1,0,1,0,1,1,0,0,0,0
1.22482849665794,1,1,0,0,0,0,1,1,1,1,0
-2.56215394700075,1,1,0,1,0,0,0,1,1,0,0
1.4990804400853,1,0,0,0,0,1,1,1,1,0,1
0.892521974689669,1,0,0,0,0,1,0,1,0,0,0
2.96515888733839,1,0,0,0,0,0,0,0,1,0,1
0.384178487487145,0,0,0,1,1,0,1,1,0,1,0
-0.392434790069555,0,1,1,0,0,0,1,1,0,0,1
-0.181641985699889,0,0,1,0,0,0,1,1,1,0,0
-1.3376743724713,0,0,1,0,1,0,0,0,0,0,0
-0.758290092779352,0,0,0,0,0,0,0,1,1,1,1
-2.92655035192766,1,1,0,1,1,1,1,0,0,1,0
0.855628686069004,0,1,1,1,1,1,1,1,1,1,1
-1.2440703490842,0,1,1,1,0,1,0,1,1,1,1
-0.983824116109502,0,1,1,0,0,0,0,1,1,0,1
2.06405428602289,0,0,1,1,1,1,1,1,0,1,1
1.40900812532246,0,0,0,1,0,1,0,0,0,1,0
-2.80520772698322,1,1,1,1,1,1,1,0,1,0,1
1.23859251158188,0,0,1,0,0,0,0,0,1,0,0
3.05978411728337,1,0,0,1,1,0,1,0,0,1,1
1.17697063403518,1,0,1,1,1,1,0,0,0,1,0
1.28104090731013,0,1,0,0,1,1,1,1,0,1,1
-2.16039596013323,1,1,0,1,1,0,1,1,0,1,1
-1.01165796765676,0,1,0,0,1,1,1,0,1,1,1
-2.55145597202767,1,1,0,1,1,1,1,1,1,1,0
-1.67837670084352,1,1,0,1,1,0,1,1,1,0,1
-3.03969814856636,1,1,0,1,1,0,1,1,0,0,1
-1.24704398028968,0,0,0,0,1,0,1,0,1,1,0
-0.482525181588387,1,1,1,1,0,1,1,1,0,0,1
1.27402159494542,0,1,0,0,0,0,1,1,0,1,1
2.56576935467141,1,0,0,1,1,0,1,1,1,0,0
1.383786146102,0,1,1,1,0,0,0,1,0,0,1
0.958470701043521,0,0,0,0,1,0,1,0,0,0,1
-1.03366956977439,1,1,1,0,0,1,1,1,1,1,1
2.24180871491109,1,0,0,1,0,0,1,0,1,1,0
-0.785810110401389,0,1,0,1,0,1,0,0,1,0,1
0.075774532619201,0,0,1,0,0,0,0,0,0,1,0
-0.836988260959929,0,1,0,0,0,0,0,0,0,1,0
1.22392535916044,0,0,1,0,0,0,0,0,0,1,0
-1.64845155614693,0,0,1,0,1,0,0,0,0,0,0
0.799163480270631,0,0,1,0,0,1,0,1,0,1,1
0.854439601304913,0,0,0,0,0,0,0,0,0,1,0
0.537640771360411,0,0,1,0,0,1,0,0,1,0,0
-0.731999525757023,1,1,0,0,0,0,0,0,1,0,0
0.228502243381878,0,0,0,0,1,0,0,0,0,0,0
2.21889681341865,1,0,0,1,1,1,1,0,1,1,1
-1.37822216228522,1,1,0,1,1,0,0,0,0,0,1
0.0382778823495444,0,0,0,1,1,1,1,1,1,1,1
-1.53842526448915,1,1,1,1,1,1,1,0,0,0,1
-0.536315502581138,0,1,0,1,1,0,0,0,0,1,0
-2.28329209884578,0,0,0,0,1,0,1,0,1,1,0
1.26303159245881,1,1,0,0,0,0,1,0,0,1,1
-0.427740590410443,0,1,1,0,1,0,1,1,0,0,1
0.350990493710822,0,0,0,1,0,1,1,1,0,0,0
0.522996013378752,1,1,0,0,0,0,1,0,1,1,1
-0.286915683070843,0,1,1,0,1,0,0,1,1,1,1
1.48924364206858,1,1,0,0,1,1,0,0,1,1,0
0.19515208160841,0,1,0,0,0,0,0,0,0,0,0
-0.908209452735056,0,1,1,1,1,1,0,1,0,1,0
-0.944735618880738,0,0,0,1,0,0,1,0,1,0,0
-0.0372994070957013,0,0,1,1,0,1,1,1,1,1,1
-0.489113755243585,0,0,0,0,0,0,1,1,1,1,1
0.14919225634369,1,1,0,0,0,1,1,0,1,1,0
-1.48517739509476,0,0,1,0,1,1,0,1,0,0,1
-0.276129300619318,0,0,0,0,0,0,1,1,0,0,1
-3.16560611738665,1,1,1,1,1,0,1,1,1,0,1
-0.241953976847931,0,1,1,1,0,1,1,1,1,1,1
2.57780760503447,1,0,0,1,0,0,1,1,0,0,0
0.114295253505458,1,1,0,0,0,0,0,1,1,0,0
-2.29084564984687,1,1,1,1,1,0,1,1,1,1,1
0.162926279330573,0,0,1,0,1,0,1,0,0,0,0
0.593258013122954,0,1,1,0,0,0,0,1,1,1,0
0.17431191497636,0,1,1,1,1,1,0,0,1,0,0
1.3646821524544,0,0,0,1,1,0,1,0,1,1,1
1.05023423818336,0,0,0,1,1,1,0,0,1,0,0
0.384374844650774,0,0,0,0,0,1,0,1,0,0,1
-1.76152034462133,0,0,0,0,0,1,0,1,1,0,0
-2.79504626069372,1,1,0,1,1,1,1,0,1,0,0
0.158102385917975,1,0,1,1,0,1,0,1,1,1,1
-1.29372038296726,1,0,1,1,1,1,0,1,1,0,0
-2.66093867995618,1,1,0,1,0,0,0,1,1,0,0
-1.97931138533723,1,0,1,0,0,1,1,1,0,1,1
0.193826690865695,0,0,1,1,1,1,1,1,0,1,1
-0.236355218169908,1,1,0,1,0,1,1,1,1,1,1
-1.42564000908333,0,0,0,0,1,0,1,1,0,0,0
1.50617441775013,1,0,0,0,0,1,1,0,1,0,1
-0.379237952359624,0,0,1,1,1,0,1,1,1,0,0
1.18832254014712,1,1,0,0,0,0,1,0,1,1,0
-1.68781066478052,0,1,1,1,1,1,1,0,1,1,0
0.0432878615669049,0,1,0,1,1,1,0,1,0,0,1
-5.36825720460182,1,1,0,1,1,1,0,0,0,0,1
-0.96979586921149,0,1,1,0,0,1,1,0,1,0,0
-0.618507277650782,0,1,1,1,1,1,1,1,1,1,1
-0.188403844274545,0,0,1,0,1,0,0,1,1,0,0
-0.701705033775064,0,0,0,1,0,0,0,0,0,0,1
-3.74066677617554,0,0,0,0,1,1,1,1,0,1,0
-0.69853294708153,1,1,1,1,1,1,1,0,0,1,0
-1.00667531893899,1,1,1,1,0,0,1,0,0,0,1
1.03637339999832,1,1,1,0,1,0,0,0,0,0,0
1.19490200591367,1,0,0,1,1,0,0,0,1,1,1
1.844709854449,1,0,0,1,0,0,0,1,1,1,1
-2.41185993183608,1,1,0,1,1,0,1,1,1,0,0
-0.682022063914258,0,0,0,0,1,1,1,0,0,0,0
3.76075188388699,1,0,0,0,0,1,1,1,0,1,1
1.19640006657279,1,0,0,0,0,0,0,0,1,0,0
-0.64973442169284,0,0,1,1,1,0,1,1,1,0,1
1.5148702180595,0,1,0,0,0,1,1,1,1,1,1
-2.03071008274318,0,0,1,1,0,0,1,1,1,0,0
1.20011393764637,0,1,0,0,1,1,1,0,0,1,0
0.63074530743904,1,1,0,0,1,0,0,0,0,0,1
-0.630611855014179,0,0,0,0,0,0,0,0,1,1,1
-0.564156172499964,0,1,1,1,0,0,0,1,1,1,0
-3.11244436914097,1,1,0,1,0,0,0,0,1,1,1
3.0666212956433,1,0,0,0,0,1,1,1,0,0,1
-0.391966978898843,0,0,0,1,1,1,1,0,0,1,1
-1.03902532036355,0,0,0,0,0,0,1,0,0,0,0
0.542435375920348,0,1,0,0,0,0,0,0,0,1,0
0.462899148678987,1,1,0,1,0,1,1,1,1,1,1
4.39385182451266,1,0,0,0,0,1,0,1,0,0,0
0.574725433936566,0,0,0,1,0,0,1,0,1,0,0
0.258725806729458,1,1,1,1,1,0,1,0,1,1,0
0.0979372492916791,0,0,0,1,1,1,1,1,1,0,0
-1.4860260413542,1,1,1,1,1,1,1,0,0,1,1
0.625822922581619,0,0,1,1,1,1,0,1,1,1,0
0.90256636619807,0,0,0,0,0,1,0,1,1,1,1
-1.37694238586461,0,1,1,0,0,1,0,1,1,1,1
0.536172869491144,0,0,0,1,0,1,1,1,0,1,1
4.91798886686939,1,0,0,1,1,0,0,1,1,1,1
-1.29217892351005,0,0,0,1,1,1,0,0,1,0,1
-0.577293039503844,0,0,0,1,1,1,1,1,0,0,1
-2.2990920396453,1,1,0,1,1,0,0,1,0,0,0
1.1948145825375,1,0,0,0,1,1,1,1,1,1,1
0.169516386962058,0,0,0,0,1,1,0,1,0,0,1
0.655412430145688,0,1,1,1,1,0,0,0,1,0,1
-3.43649214187296,1,1,1,1,0,0,0,1,0,0,0
-2.02743175019203,1,1,1,1,0,1,1,1,1,1,1
0.402632647914336,0,0,1,0,1,1,1,1,0,1,0
0.94001512081588,0,1,1,0,0,0,1,1,0,1,0
1.89455498187432,0,0,0,0,0,0,0,1,1,1,0
0.50935005138905,1,1,0,0,0,0,1,1,0,0,0
0.101373840457662,0,1,0,0,0,0,1,1,0,1,0
-0.129142942703738,0,0,1,1,1,0,0,1,1,1,0
-0.357740359012167,1,0,1,0,1,1,0,0,0,1,1
-1.51757367107386,1,1,1,0,0,0,0,0,0,1,0
1.37007835740008,0,1,1,1,1,0,1,0,1,1,0
-0.789517703851986,0,1,1,1,1,1,1,0,0,0,0
-0.605796991889096,0,1,1,1,1,1,1,0,1,0,1
1.23486054755409,1,1,0,0,0,1,0,1,1,1,0
0.019181678021562,1,0,1,0,0,1,0,1,1,1,0
-1.20278753397352,1,1,0,0,1,0,0,0,0,1,0
1.01790229039605,0,0,0,0,1,1,1,1,0,1,1
-0.358726130821503,0,0,0,1,1,0,0,1,0,1,1
-3.3691681449099,1,1,1,1,1,1,0,0,0,1,1
-0.782955936175465,0,1,0,1,0,0,1,1,1,0,0
0.112269725089226,0,1,1,0,0,0,1,1,1,1,0
-0.261672911526029,0,1,0,0,1,0,1,0,0,0,0
0.143758446556343,0,1,0,0,0,0,1,0,1,0,1
-0.655000063990416,1,0,1,1,0,1,0,1,0,0,1
0.806586109681193,1,1,0,0,1,1,0,1,1,1,0
-2.16470849813681,1,1,0,1,0,0,0,0,0,1,1
-1.81634538877995,1,1,0,1,0,0,1,0,1,0,0
0.940200316054414,0,0,0,0,0,0,1,0,0,0,1
-0.606333016134118,1,1,0,0,0,1,0,0,1,0,0
-3.07599374990259,1,1,1,1,1,0,0,0,0,1,1
-0.0706349259874619,1,1,0,0,1,0,1,0,0,1,1
1.57859048951979,1,0,0,1,1,0,1,1,0,0,0
-0.184671308034899,0,0,0,0,0,1,0,0,1,0,0
0.00969556451890122,0,0,1,1,0,0,0,1,0,0,1
-1.60147059300235,1,1,1,1,1,1,0,0,0,1,1
-4.21387041494549,1,1,1,1,0,0,1,1,1,1,1
-1.57113456196853,1,1,0,1,1,1,1,1,1,1,1
2.14853914649274,1,0,0,1,1,0,1,0,1,0,1
0.0549760122897228,0,1,1,0,1,1,0,1,1,1,1
0.305004145943527,0,0,0,0,0,0,0,0,0,1,0
2.95281921766199,1,0,0,1,1,1,0,1,0,1,0
0.452368730474124,0,1,1,0,0,1,0,1,0,0,0
-2.78813813266415,0,1,1,1,0,1,0,1,1,1,1
-0.31232004712573,0,0,0,0,1,0,0,1,0,0,0
-0.997613132549476,0,0,1,0,1,1,0,1,0,0,0
0.440274046032083,0,0,1,0,1,0,0,0,0,0,0
0.281647183573325,0,0,1,0,0,1,0,0,0,1,0
2.19942785553452,1,0,0,1,1,0,0,1,1,1,1
0.584673574313419,0,1,1,0,1,1,1,0,1,0,1
-1.3102067595302,0,0,1,1,1,0,0,1,1,0,1
-1.14701481051217,0,0,0,1,1,0,1,0,1,1,0
0.23259058526249,0,0,1,0,1,1,1,1,1,1,1
0.21614615297968,0,0,1,1,0,1,1,1,1,1,0
-1.04608078542188,1,1,0,0,1,0,0,0,1,0,0
-0.175876797845614,0,0,1,1,1,1,1,0,0,0,1
0.65966908535775,0,1,1,1,1,0,1,0,1,1,0
-0.821833296973495,0,1,1,0,1,0,0,0,0,1,1
0.980457418708378,0,1,1,0,0,0,0,1,0,0,1
0.722363795685031,1,0,0,0,0,0,1,0,1,1,1
-2.59451928006145,1,1,0,1,0,0,1,0,0,0,0
0.797703957470972,0,1,1,0,1,0,0,1,1,1,1
1.38073225726026,1,0,1,0,1,1,1,0,1,1,1
0.827736332102507,1,1,0,0,1,0,0,0,1,0,0
2.72675169328831,1,0,0,1,0,0,1,1,1,0,0
1.47099868047917,0,1,0,0,1,0,0,0,1,1,0
-2.011906591744,0,1,1,1,0,1,1,1,1,0,0
-0.747644113553293,1,1,1,0,0,1,0,1,0,0,0
0.509823404451508,1,1,0,0,1,1,1,1,1,0,1
0.686890068275128,0,0,1,0,0,0,0,0,0,1,0
-0.0184510411528762,0,1,0,0,1,1,0,0,0,0,1
-2.20513421633028,1,1,1,1,1,0,0,0,0,1,1
0.0840754811435102,0,1,1,1,0,0,1,1,1,0,0
0.9092406662778,0,1,1,1,1,1,1,1,0,0,0
-0.931051969524436,0,0,1,0,0,1,0,0,0,0,0
-2.37627650130088,1,1,1,1,1,0,1,1,1,0,1
-2.0499758159543,1,1,0,1,1,0,0,0,1,0,1
-2.18037030285287,1,1,1,1,1,0,1,0,0,1,1
-0.700922924386614,0,0,1,1,1,0,1,1,0,0,0
-0.266419890485664,0,0,1,0,0,1,1,0,0,1,0
1.15984454797487,1,0,0,1,1,0,1,1,0,0,1
0.231871962482919,0,0,0,0,0,1,0,0,0,1,1
0.129235136580644,1,1,0,0,0,0,0,1,0,1,1
0.68033200548359,1,0,0,1,1,0,0,0,1,0,1
0.091018712782667,1,1,0,0,1,0,0,1,0,1,1
-1.30118509647655,1,1,1,1,0,0,1,0,0,1,0
-0.371707995443764,0,0,1,0,1,1,1,1,0,0,1
-2.12654931590894,1,1,1,1,1,1,1,0,1,1,1
-0.438246600640087,0,0,1,1,1,1,0,1,1,1,1
0.112601611096752,0,1,1,1,1,0,1,0,0,1,1
-0.925405291579797,1,1,0,1,0,0,1,1,0,0,1
-1.5067071210217,1,1,0,0,1,1,1,1,0,1,1
-0.361702735210356,1,1,0,1,1,0,0,0,0,0,1
-2.82509864051464,1,1,1,1,1,1,0,1,0,1,0
-0.841081299383854,0,0,1,0,1,0,0,0,0,0,1
-0.627491032806574,0,1,1,1,0,0,0,1,0,1,0
-0.043088544591902,0,0,1,0,1,1,1,1,1,1,0
0.515880852676617,0,0,1,1,0,1,0,0,1,0,1
-0.654387085404799,0,1,1,0,1,1,0,0,0,0,1
1.33372837687209,1,0,0,1,1,1,1,1,0,0,0
1.70349293967754,0,0,1,0,1,0,0,1,1,1,0
-1.29997569659912,0,1,0,1,1,0,1,1,0,0,0
0.143377030805267,0,1,1,1,1,1,1,1,0,1,0
0.00758307113388903,0,0,1,1,1,1,0,1,1,0,1
0.511898634610716,0,0,0,0,1,0,0,1,1,1,0
0.302060449221597,0,0,1,0,1,0,0,1,0,1,1
1.52932503350548,0,1,1,1,1,1,0,0,1,1,0
-0.297856689472013,1,1,1,0,1,1,1,0,0,1,1
-1.25900640687119,1,1,0,0,0,0,0,0,0,1,0
-0.10901277550598,0,0,0,0,0,1,0,1,0,0,0
-0.84695945842825,0,0,1,1,0,1,1,1,1,0,1
-0.402968332225056,0,1,0,0,1,0,0,0,1,1,1
2.64252607616807,0,0,1,0,1,0,1,0,0,0,0
-0.407099519585377,0,0,0,0,1,0,1,0,0,1,0
-1.09165668845462,0,0,0,1,1,0,1,1,0,1,0
0.980584845537334,0,0,1,1,1,0,0,1,0,0,1
0.816274613889631,0,1,1,1,1,1,0,1,0,1,1
-0.705134487583279,0,1,1,0,1,1,1,1,0,1,1
-1.01913869961706,0,0,0,1,1,1,0,0,1,0,0
-0.92409257999415,1,1,0,1,1,1,1,0,0,1,1
1.17689292376339,0,1,1,0,0,0,1,0,0,0,1
-0.189732975175298,0,1,1,0,1,0,1,0,0,1,0
-0.934985970775522,1,0,1,1,0,1,1,0,0,1,1
-0.571697286212948,0,1,1,0,1,0,0,0,0,1,1
-1.00321861405265,0,0,1,0,1,1,0,0,0,1,0
0.235588953315924,0,0,1,1,1,1,1,1,1,1,0
2.25825994260396,1,0,0,1,1,1,1,1,1,1,1
-2.64004041499257,0,0,0,1,0,1,1,1,1,0,0
2.70503471449618,0,0,0,1,0,1,0,1,0,1,1
0.0222224790764068,0,1,0,1,0,0,0,1,1,0,1
0.454955963931606,0,0,0,0,1,1,0,0,0,0,0
0.748732511772694,0,0,1,0,0,1,0,1,1,0,1
0.85452142929722,0,1,0,1,1,0,1,0,1,1,0
-0.740963828982919,0,0,0,1,0,1,1,1,0,1,0
-0.454425224070145,0,1,1,0,0,1,1,0,0,0,0
0.49263205458757,0,0,0,0,0,1,0,0,1,0,0
-0.423317936466868,0,1,0,0,1,1,1,0,1,1,1
-0.0528823221714305,0,1,0,0,0,0,0,1,0,0,1
-0.885299360653175,0,0,1,0,1,0,1,1,1,0,1
-1.06385852781997,0,0,1,0,1,1,1,0,0,0,1
0.0772902772193948,0,0,1,0,1,0,0,1,1,1,0
-0.256129428877726,0,0,1,1,0,0,0,0,1,0,0
-1.01344528075446,1,1,0,0,0,1,0,1,1,0,1
-1.46561738670519,1,1,0,1,1,1,0,1,1,1,1
0.912932912077698,0,0,1,0,1,1,0,0,1,1,1
-1.05903830385578,1,1,1,1,1,1,1,1,1,1,0
-1.91600513144068,0,1,1,0,1,1,1,1,1,0,1
0.555210716807003,0,0,1,0,1,0,1,1,1,1,1
0.101240381483584,0,1,1,1,1,0,0,0,0,1,1
-1.80354917414886,0,1,0,0,0,1,1,1,0,0,0
-0.924685249701832,0,0,0,0,0,1,0,0,0,0,1
1.14938960842254,0,0,1,1,0,1,1,1,0,0,0
1.23164366324142,0,1,1,1,0,0,1,0,1,1,1
-2.19903381405089,1,1,0,1,0,1,0,0,1,0,0
0.612627095267808,0,1,1,0,1,0,1,1,0,1,0
-0.00625105364490714,0,1,0,1,0,0,0,0,0,0,0
-0.271920310728001,0,1,1,1,0,1,1,0,0,1,1
3.72159929674343,1,0,0,0,0,1,1,1,0,0,0
0.0701517242811193,0,1,1,0,0,1,0,1,0,0,1
1.55380557744726,0,0,0,1,1,1,1,0,0,1,1
-0.748690095000889,0,0,1,0,0,1,0,1,1,0,0
1.01123461691392,0,0,1,0,0,1,1,0,1,0,0
0.795033817717657,1,0,0,1,1,0,1,0,0,1,0
-1.22228031026402,1,1,1,1,0,1,0,0,1,0,0
1.04996895233989,0,1,1,1,1,0,1,1,0,0,1
2.96450863548647,1,0,0,0,0,0,0,0,0,0,0
-0.0832862763676744,0,1,1,0,1,1,0,1,1,0,0
-0.62247465761344,1,1,0,0,1,1,1,0,0,1,1
-0.626300364181307,0,1,0,1,0,0,1,1,0,1,0
1.77757450048638,1,0,0,0,1,0,0,1,1,1,1
0.357745233835485,0,1,1,0,1,0,1,1,1,1,1
2.06578982290534,1,0,0,1,0,1,1,1,1,0,0
-0.0351658068374833,0,1,1,0,1,1,0,0,1,0,1
0.275622055000765,0,0,0,0,1,0,0,1,0,1,0
1.02988369222271,0,1,0,0,0,1,1,0,1,1,1
-0.338872584000199,1,0,1,1,0,1,0,1,1,1,1
-1.41054625934205,0,0,0,1,0,0,0,0,0,0,0
-2.31826454228062,0,0,1,1,1,1,0,0,0,1,1
-1.8134370033987,1,1,1,1,0,0,1,0,1,0,0
-0.936849153673946,1,1,0,1,1,0,0,0,0,1,1
-1.8768656160664,1,1,1,1,0,0,1,1,1,1,0
-1.05949657890942,0,0,0,0,1,0,1,1,1,1,0
1.67044464617777,0,1,1,0,1,0,1,1,1,0,0
-0.544279886355454,0,0,0,1,1,1,1,1,1,0,1
1.60145911174001,0,0,0,0,1,0,0,0,1,1,0
-0.0911845229913361,0,0,0,0,0,0,0,0,1,1,1
2.488097912663,1,0,1,1,1,0,0,0,1,1,0
0.714732379485735,0,0,0,0,0,1,1,0,1,1,0
0.568239280000132,1,1,1,0,1,0,0,0,0,0,1
-1.12527201927022,0,0,1,0,0,0,0,0,0,1,1
-1.00558757692228,0,1,1,0,0,0,0,0,1,1,0
2.60557325915567,1,0,0,1,1,0,0,1,0,1,0
-0.322011140040097,1,1,1,1,1,0,1,1,0,1,0
0.447384303215499,0,1,0,1,1,1,1,1,1,1,1
-1.52193065464746,0,1,1,1,1,1,0,1,1,1,1
0.0564529732932735,0,0,1,0,0,0,0,1,0,0,1
-2.31164349573968,1,1,1,1,1,0,0,0,0,0,0
-1.31902774322831,1,1,0,1,0,0,1,1,1,1,0
-1.50340315911025,1,0,1,1,0,1,1,1,1,0,0
2.96847686790876,1,0,0,0,0,0,1,0,1,0,1
-1.06079679761343,1,1,0,0,1,1,1,0,0,1,0
0.170795063483149,0,0,1,1,1,0,1,1,0,1,1
-0.665631713007222,0,0,0,0,0,1,0,1,1,1,0
-1.37573866987897,1,1,1,0,1,1,1,0,0,0,1
-0.796740419950251,0,0,1,0,1,1,0,1,0,1,0
-1.64522142195804,0,0,1,0,0,0,0,0,0,0,1
-0.814590735172382,0,1,1,1,0,0,1,0,0,1,1
-0.292265471353492,0,0,0,0,0,0,1,0,1,0,0
0.0733047679084968,0,0,1,0,0,0,1,0,0,1,0
-2.12327053964443,0,0,1,0,1,1,0,0,0,0,0
0.824310481200246,0,1,1,1,1,1,1,0,1,0,1
-0.812176676794192,1,1,0,0,0,0,0,1,1,1,1
-1.95338410935059,1,1,0,1,1,1,0,1,0,1,0
0.837829924319854,0,0,0,0,1,1,0,0,0,1,0
1.75782624557392,1,0,0,1,0,1,1,0,1,1,0
0.238114091814677,0,1,1,0,1,1,1,1,1,0,0
-0.498056156687858,1,0,1,0,0,0,0,0,1,1,0
0.584937371637193,0,0,0,0,0,1,0,1,0,0,1
-0.62409200812591,0,0,1,0,1,0,0,1,1,0,0
0.248142814030009,0,0,1,0,0,1,1,1,1,0,1
-0.595512261555748,0,0,1,1,1,0,0,0,0,0,1
-0.298782642941832,0,0,1,0,0,1,0,0,1,1,1
-0.888114009045809,1,1,0,1,0,1,0,0,1,1,1
-0.810685192905277,1,1,0,0,1,1,1,1,1,0,0
-2.63661249041774,1,1,0,1,0,0,1,0,1,0,0
1.2021094262412,0,1,1,1,0,1,1,0,1,1,0
0.225304492009544,0,0,0,0,1,0,0,0,0,0,0
-0.217687475834984,0,0,0,0,1,1,1,1,1,0,1
0.758407228760846,0,0,1,0,1,1,0,0,1,1,1
-0.371508729766912,0,1,1,1,0,0,0,1,1,1,0
2.38653969033261,1,0,0,1,0,1,1,1,0,1,0
3.48801781499719,1,0,0,0,1,1,0,1,0,0,1
1.50550274204505,0,0,1,0,0,0,0,1,0,0,1
0.0573035292246303,0,1,0,1,1,0,1,1,1,0,0
-0.210020990641581,0,0,0,0,0,0,0,0,0,0,1
0.742144250788415,0,0,0,1,0,0,1,0,1,1,0
0.861913171797715,1,0,0,0,0,0,0,1,1,0,0
0.129286700317689,0,0,0,0,1,0,1,0,1,0,1
2.35217048270153,1,0,0,1,0,1,1,0,0,0,1
0.476246235529276,0,0,1,0,1,1,0,0,1,0,1
-0.256976735850151,0,0,1,1,1,1,0,0,0,1,0
2.41766133166575,0,0,1,1,1,0,0,0,0,0,0
-1.1559396884937,1,1,1,1,1,1,1,1,0,1,1
-0.425563731835354,1,1,0,1,1,1,0,1,0,0,1
-1.8694563647657,0,0,0,0,0,0,0,0,0,1,0
-1.19404470034472,0,0,0,1,0,0,0,0,1,0,1
-0.0833315105304636,0,0,1,0,0,1,1,0,0,0,1
-1.10866386741353,0,1,1,1,1,1,1,0,1,1,0
0.152738523316928,0,0,1,0,0,1,1,1,1,0,0
2.2089164374667,1,0,0,0,1,1,0,0,1,1,1
1.42006774443599,1,0,0,1,0,1,0,1,1,1,1
-2.38735174223445,1,1,1,1,1,1,0,1,0,0,1
0.845919335706633,0,1,1,1,1,0,0,1,1,1,1
-1.02793873337844,1,0,1,1,1,1,0,1,0,1,1
0.198598603543522,1,1,0,0,1,0,1,0,0,0,0
-0.907585429802497,1,1,0,0,1,1,0,0,0,1,0
0.463571722164217,0,0,0,0,1,1,0,1,0,0,0
-0.158421146418164,0,1,1,1,1,1,1,0,0,1,0
-0.475413055075872,0,0,1,0,0,0,0,0,1,0,0
0.731406107965946,1,0,0,1,1,1,1,0,0,1,1
2.01592359456499,0,0,0,0,1,1,0,1,1,0,0
3.9053158554067,1,0,0,0,0,0,1,0,0,0,1
-1.35026867822425,0,0,1,1,0,1,1,1,1,1,0
0.781720925376955,0,0,0,1,0,0,1,0,1,0,1
-2.07888996282944,1,1,1,1,1,1,1,1,1,1,1
-0.823579579357062,0,0,0,1,0,0,0,1,0,0,0
-0.893333876311421,1,1,0,0,1,0,0,1,1,0,1
-0.0378087993843585,0,0,1,0,0,1,0,1,0,0,0
0.235550400716321,0,0,1,1,1,0,0,1,0,0,0
-2.3955173543029,1,1,0,1,0,0,1,1,0,0,1
1.06284561296964,0,1,1,1,0,1,1,1,0,1,1
-0.747197505512386,1,1,0,1,0,0,0,0,0,1,0
0.251573490798023,0,1,1,1,1,0,1,1,1,1,1
1.26124266672139,0,0,1,0,0,0,1,1,0,1,1
-0.934765001618626,0,1,1,0,0,1,0,1,1,1,1
-0.0068105736798771,0,0,1,1,0,0,0,0,0,1,0
-0.0650625388864135,0,1,1,0,1,1,0,1,1,1,1
-1.13522321249206,0,0,1,1,1,1,1,1,1,1,0
3.20439735161927,1,0,0,1,1,1,1,1,1,0,1
0.293787644387897,0,0,0,1,1,1,1,1,1,0,1
0.0890814037432559,0,1,0,1,0,1,0,0,0,0,1
-1.85642445091282,1,1,1,1,0,1,1,0,0,1,1
0.0925294008751311,1,1,0,0,0,0,0,0,0,1,0
-2.97525115381861,1,1,1,1,0,1,1,1,1,0,0
0.910001251133001,1,0,0,1,0,0,1,1,0,0,0
-1.07160053600064,1,0,1,1,1,0,1,0,0,1,1
-1.10352609422907,0,0,0,1,1,0,0,1,0,0,0
1.82853573358241,0,0,0,0,0,1,0,0,0,1,1
0.0492386478394608,0,0,1,0,1,0,1,0,1,1,1
0.234937706125616,0,1,1,0,0,1,0,1,0,0,1
0.821619494131595,0,0,1,0,0,0,0,0,0,1,1
0.478183299315343,0,1,1,1,1,0,0,0,1,0,0
-0.801456614464267,0,0,0,0,0,0,0,0,0,1,0
-1.0140753201092,0,0,0,1,1,1,1,1,1,1,0
0.396470730648221,0,0,1,0,1,1,1,0,0,1,1
-0.866430315212679,0,1,1,1,0,1,0,0,0,0,0
-0.937845168893372,0,0,1,0,0,1,1,0,1,1,1
-4.07718805601865,1,1,1,1,1,0,0,0,0,1,0
1.54881325187176,0,0,1,1,1,1,0,0,1,0,1
-2.65765341322405,1,1,0,1,0,1,0,1,0,0,1
-2.73183408447119,1,1,0,0,1,1,1,1,1,1,1
-2.95919283338041,1,1,0,1,0,0,0,0,1,0,0
0.0630026395884339,1,0,1,0,0,1,0,1,1,0,0
1.14257107285852,0,0,0,1,1,0,0,1,0,1,0
-1.53310203392928,1,1,0,0,0,0,1,1,1,1,0
0.884837600184021,0,1,1,1,0,1,1,0,0,1,0
-2.24428114841485,1,1,0,1,0,0,0,1,0,1,0
0.258791698282169,0,1,0,1,0,0,1,1,0,1,0
-1.79428142427262,0,0,1,0,0,0,0,1,1,0,0
-0.00522375081450147,0,1,0,1,1,1,1,1,0,1,1
-3.01943625278061,1,1,0,1,0,0,1,0,1,1,1
-0.747573708175075,0,0,0,1,0,1,0,0,1,0,0
-1.45593637420275,1,1,1,1,1,1,1,1,0,1,0
-2.16470735695676,1,1,0,1,1,1,1,1,0,1,1
2.13447909882782,0,0,1,1,0,1,1,1,0,0,1
-0.212813959419617,1,1,0,0,0,0,0,0,0,0,0
-0.0195722420781037,1,1,0,1,0,0,0,0,0,1,0
0.680919177489044,0,0,1,0,0,1,1,0,0,1,0
1.5697084324463,0,0,1,0,0,1,0,0,0,1,0
-0.159263277349653,1,1,0,0,0,1,0,1,0,0,1
0.118170478336506,0,1,1,0,1,1,1,0,1,1,1
-2.52075153544649,1,1,1,1,0,1,1,1,0,1,0
-1.29988707890883,1,1,0,1,1,0,1,1,0,0,1
-0.757945163051905,0,0,0,0,0,1,1,0,0,0,1
1.25469402616905,1,0,0,1,0,1,1,1,0,1,1
3.53763118087353,1,0,0,1,1,0,0,1,0,1,0
0.0361322075656312,0,0,1,0,0,1,0,0,1,1,1
1.02096329772281,0,0,0,0,0,0,0,0,1,0,1
-3.56387065303155,1,1,0,1,1,1,1,1,0,0,0
-0.82718891092236,0,0,0,1,0,1,0,1,0,0,0
-4.05041896450966,1,1,1,1,1,0,0,1,1,1,0
0.127479028590401,0,1,1,0,0,1,0,1,1,1,0
-1.5705938373912,1,1,1,1,1,1,1,0,1,1,0
2.25530767364028,1,0,0,1,1,0,0,1,1,1,1
-0.761386194866585,0,1,0,1,0,0,0,0,0,0,0
1.72603289563989,0,0,0,0,0,0,1,0,0,0,1
-2.62094232530581,1,1,0,1,0,1,1,1,1,1,1
-1.05204087216015,1,1,0,0,0,0,0,1,0,1,0
0.342924654524885,0,0,0,0,1,1,0,1,1,0,0
0.991603461985825,0,1,1,1,1,0,0,1,1,1,1
-2.27169684772377,1,1,0,1,1,1,1,0,1,0,1
-3.02241420217203,1,1,1,1,0,1,0,1,1,1,1
-3.55366726895542,1,1,1,1,0,1,1,1,1,0,0
1.00928075636262,0,0,1,1,0,0,0,0,1,1,1
-0.751798252700896,1,1,1,1,1,1,0,1,1,1,1
0.85175529292608,1,0,1,0,0,0,0,0,0,1,1
-0.645761759858159,0,1,0,0,1,0,0,0,1,1,1
-1.40589749583345,0,1,1,0,1,0,1,0,1,0,1
-1.03778385444541,0,1,0,0,0,0,1,1,1,1,0
0.429668631332841,0,1,1,0,1,1,1,1,0,0,1
-2.85383978680191,1,1,0,1,1,0,1,0,0,1,1
-3.50277896011285,1,1,0,1,1,0,1,1,1,1,1
0.186082524212641,1,0,1,1,0,1,0,1,1,1,0
-2.89015297902837,1,1,1,1,1,1,0,0,1,1,0
-1.56033676021141,1,1,1,1,1,1,1,1,1,1,1
0.491007902228579,0,1,1,1,0,1,0,1,1,1,0
0.686271664355072,0,0,1,0,1,1,0,0,0,1,0
0.489042370151236,0,0,0,1,1,1,1,0,0,0,1
-2.21524838842968,1,1,0,1,0,0,1,0,0,1,1
0.724111968568253,0,0,0,0,0,1,1,1,0,1,1
-1.83149225913581,1,0,1,0,1,1,0,0,0,0,0
0.689021886578184,0,1,0,0,1,0,1,0,1,1,0
-3.18117410300486,1,1,0,1,0,0,0,1,1,0,1
-1.16133981242719,0,0,1,0,0,1,0,0,0,0,0
-0.103949168442396,0,1,0,1,0,1,0,0,0,0,1
-1.94159446706,1,1,0,1,1,1,1,0,0,0,0
0.337411519729799,0,1,1,1,1,1,0,0,0,1,1
1.12629459332522,1,0,1,1,0,1,1,1,0,1,0
-0.65235697577557,0,1,1,0,0,0,0,0,0,1,1
1.35088492090468,0,0,1,1,0,0,0,1,1,1,1
0.672361645883589,0,0,0,0,1,0,0,1,0,0,1
2.22710327962265,1,1,0,0,1,0,0,1,0,1,1
-0.327384585033708,0,0,0,0,0,0,0,0,0,1,1
-1.228835150888,0,0,0,0,0,0,0,0,0,0,1
0.495092012048467,0,0,1,1,0,1,1,0,0,1,1
1.29447747643437,0,1,1,0,0,1,1,1,1,1,0
1.89676463543831,0,0,1,0,0,0,0,0,1,0,0
2.38653582309426,1,0,1,1,1,1,1,1,0,0,1
2.11855124591818,0,1,0,1,0,1,0,0,1,0,0
0.678896503635421,1,0,0,1,1,1,0,1,0,0,0
0.824878470507163,0,0,0,0,1,0,0,1,1,0,0
-0.761829187025794,0,0,1,0,0,0,0,1,0,0,0
0.540279596301345,0,1,1,0,0,1,1,0,0,0,0
-0.382275985303761,0,0,1,0,1,1,0,0,1,0,0
-1.26000996812044,0,0,0,0,1,1,1,1,1,0,0
-1.50315114331044,1,1,0,1,1,1,1,1,1,0,1
0.599140826420875,0,1,1,1,1,0,1,1,0,1,0
-0.0945095411877953,0,1,1,1,1,1,0,1,0,1,1
-0.417979823691115,1,1,1,0,0,1,0,0,0,0,1
2.2410293606225,1,0,0,1,0,1,0,1,0,0,0
0.0759585662312673,0,0,1,0,0,1,1,0,0,1,0
0.268356532499308,0,1,1,1,1,0,1,1,0,0,1
-0.00965023188470503,0,0,1,1,0,1,1,0,1,1,0
-1.16434084821871,0,0,1,0,0,1,0,0,0,0,0
-0.481940377932365,0,1,1,1,1,1,0,1,0,0,1
0.401211532864128,0,0,0,0,0,0,1,1,0,0,1
1.1670135528438,0,1,1,0,0,1,1,1,0,1,0
0.321344358845112,1,1,1,0,0,1,1,1,1,1,1
-0.334197202285314,0,1,1,0,1,1,1,0,0,1,0
-0.872278310419529,0,0,0,0,1,0,0,0,0,1,1
0.669282756043748,0,0,1,1,1,1,1,0,1,1,1
-2.12040786110247,0,0,1,1,1,1,0,0,0,1,1
-1.6582287642326,0,0,1,1,0,1,0,0,0,0,1
0.75828068322087,0,1,0,1,0,1,0,1,0,0,1
-1.21995542662448,1,1,0,1,1,1,0,0,1,0,0
-1.358138662828,0,1,0,0,1,0,1,1,1,1,1
-0.585707912339356,0,0,0,1,0,0,0,0,0,0,0
-4.95826624750295,1,1,0,1,0,0,1,0,0,0,1
0.84496198749653,0,0,1,1,0,0,0,0,1,1,1
-0.143741874946652,0,1,0,0,0,1,0,1,0,1,1
1.09350701355178,0,1,1,1,0,0,0,1,1,0,0
0.503186855083878,0,0,1,0,0,1,0,0,1,0,0
1.49296398207079,1,0,0,1,0,1,0,0,0,0,0
0.659202885739641,0,0,0,1,0,1,0,1,1,0,1
-1.36758215404604,1,0,1,0,1,1,1,1,0,0,0
0.0202547941029869,0,0,1,1,0,0,0,1,0,1,1
-0.405315291135304,0,1,1,0,0,1,0,0,0,0,0
0.317609370257366,0,0,1,1,0,0,0,0,1,0,1
1.3332480451427,1,1,0,0,1,1,1,0,1,1,0
1.26852257991124,0,0,0,0,1,0,1,0,0,1,1
-0.799093820011095,1,0,1,1,0,0,1,0,0,0,1
0.108407337642211,0,0,0,1,1,0,0,1,0,0,1
0.21137310785859,0,1,1,0,1,1,0,1,1,1,1
-0.111761238676636,0,1,0,1,0,0,1,0,1,1,1
0.127125711608474,0,0,0,0,1,1,0,0,0,1,1
-1.75986705878891,1,1,0,1,0,0,0,0,1,0,0
1.24830188987615,1,0,0,1,1,0,0,0,0,0,1
1.61365164709214,0,0,0,1,1,0,1,1,1,1,0
0.251310003963295,1,1,0,0,1,0,0,0,0,1,0
1.43422722469774,0,0,0,0,1,0,1,0,1,0,1
1.84089046311463,0,1,1,1,1,1,1,1,1,0,1
1.01324504802935,1,0,0,1,0,1,1,0,0,1,0
-0.529652061754687,0,0,0,1,0,0,1,1,1,1,1
0.0692825488327323,0,1,0,0,1,0,0,0,0,1,0
1.75858351745395,1,1,0,0,0,0,0,1,1,0,0
1.88455886260323,0,1,0,0,0,1,0,1,0,1,1
-0.115086195262861,0,1,0,0,0,0,0,1,1,0,0
1.01943413312691,0,0,0,1,0,0,0,0,0,0,0
-0.418063189168986,0,1,1,0,0,0,1,1,1,1,0
1.31108202381977,1,0,0,0,1,0,1,0,0,0,0
-0.293558336283772,1,0,1,1,1,1,1,1,0,0,0
-2.03443547628281,1,1,1,1,1,1,1,1,1,0,0
-2.47289044800646,1,1,1,1,1,1,1,0,1,1,1
-1.34990928398763,1,1,0,1,0,0,1,1,0,1,1
-0.146448764587442,0,0,1,0,0,0,0,0,1,1,0
0.00515943469756448,0,1,1,0,0,0,1,1,1,0,0
-0.801674255126438,0,1,1,0,0,0,0,1,0,0,1
-2.71530584111588,1,1,1,1,1,0,1,0,0,0,1
0.291631856155472,0,0,1,1,0,0,0,0,0,0,0
-0.671091622354215,0,0,0,0,0,1,1,1,1,0,0
2.00350027368225,0,1,1,0,1,1,1,0,0,1,1
1.97158938359189,1,0,0,0,0,0,1,0,0,1,0
0.00790276669088765,1,1,0,0,1,1,0,0,0,0,1
2.41985871050305,1,0,0,1,0,1,1,1,0,0,0
-0.51620846275882,1,1,1,1,0,1,1,0,0,0,1
-0.276796237291411,0,1,1,1,1,1,1,1,1,0,1
-0.895921383720487,0,1,1,1,0,0,1,1,0,1,1
-0.0655090468070582,0,0,0,1,1,0,1,1,0,0,1
-0.330061855904748,0,0,1,0,1,0,1,1,1,1,1
-0.433223468053161,0,0,1,1,0,1,0,1,0,0,0
0.956099706743433,0,0,1,1,1,1,1,1,1,1,1
0.470315494538808,1,1,0,0,0,0,0,0,0,0,0
2.10923559636024,1,1,1,0,1,0,0,1,1,1,0
2.6478513135056,1,0,0,1,0,0,0,0,0,0,0
-0.278084334225771,0,1,0,1,0,1,0,1,0,1,1
1.96325612860988,1,0,0,0,0,1,0,1,0,0,0
0.349919283149209,1,1,0,0,0,1,1,0,1,0,0
0.189914737537052,1,1,0,0,0,0,1,1,0,1,0
0.869402511848475,0,0,1,0,1,1,0,1,1,0,0
-2.3767260382726,1,1,0,1,0,0,1,0,0,0,0
-0.655381157179101,0,0,0,0,0,0,0,0,1,1,1
0.884510481071534,0,1,1,1,0,0,1,0,0,1,0
-2.01993713001839,1,1,0,1,0,1,0,0,0,0,1
2.78666625868061,1,0,0,1,0,0,1,1,0,0,0
-0.95076592999876,0,1,0,0,1,0,1,0,0,0,1
-1.28126423404934,0,0,1,1,1,0,1,0,1,1,0
2.66784647026019,1,0,0,1,1,1,0,0,1,1,0
-0.42232299431857,0,0,1,0,0,1,1,1,1,1,1
-0.412049848099201,0,1,0,0,1,1,0,0,0,1,1
-0.624006249993002,1,1,0,0,1,0,0,1,0,0,1
0.74105780445175,0,0,1,1,1,0,0,1,1,0,1
-1.19608346028151,0,0,1,1,1,0,0,0,1,0,0
-1.06650316864068,1,1,0,1,1,1,1,0,1,1,0
1.46904107376285,0,0,0,1,0,1,1,1,1,1,0
0.633615647311711,0,0,1,0,0,0,1,1,0,1,0
0.604022800066884,0,0,0,1,0,1,0,1,0,0,0
-0.0181964293860447,0,0,1,0,0,1,0,1,0,0,1
-1.55136608427286,0,0,1,0,0,1,1,0,0,0,1
0.329977691572529,0,0,0,0,1,0,1,0,0,1,0
-0.216587224393019,0,0,0,0,0,0,1,0,0,1,1
1.73099764824127,1,0,0,1,0,0,1,0,0,1,1
1.60640440215359,0,0,0,1,0,1,0,1,0,1,0
-2.92109434378246,1,1,1,1,1,1,1,0,1,0,1
-1.59857638183939,0,0,1,0,0,1,1,0,0,0,1
-0.938130990962545,1,1,1,0,0,0,1,0,1,1,1
1.5658543083084,0,0,1,0,1,0,1,0,0,1,0
-2.44196562263833,1,1,1,1,0,0,0,1,0,1,1
0.212876728248993,0,1,0,1,1,0,0,0,0,1,1
-3.04736165181576,1,1,0,1,1,1,1,0,0,0,1
-0.38994249805641,0,1,0,0,1,1,1,1,1,0,1
0.892875464747483,0,1,1,1,1,1,1,0,1,1,1
0.377609729928725,1,1,1,0,1,1,1,1,0,1,0
1.79940887412633,1,0,0,1,1,0,0,0,1,0,0
-0.952561563670022,0,0,1,1,0,0,0,1,0,1,0
0.361199881432462,0,1,1,1,0,1,1,1,0,1,1
-2.18698822447004,1,1,1,1,0,1,1,0,0,1,0
1.05466663606344,0,0,1,0,0,1,1,1,1,0,1
0.0912905404723749,0,0,1,0,0,1,1,1,1,1,0
3.34007659044581,1,0,0,1,1,0,1,1,0,1,0
-1.0230195020825,0,0,1,1,1,0,1,1,0,0,1
-1.71893922674041,0,0,1,0,0,1,0,0,0,0,0
0.32068414202745,0,0,1,1,1,1,0,1,1,0,0
0.41626976355901,1,1,1,1,1,1,0,1,0,1,1
1.31933928082887,0,0,0,0,1,0,0,0,0,1,1
-2.65686700481138,1,1,1,1,1,1,1,1,1,1,0
-1.94757224344049,1,1,1,1,1,0,1,1,1,0,1
0.697056249690867,0,0,0,0,0,0,0,0,1,0,0
0.320448243819715,0,0,1,1,0,1,0,0,1,0,0
-1.11451387856258,0,0,1,1,0,0,0,0,1,0,1
-0.987474450385192,0,0,1,0,1,0,1,1,1,1,1
-0.84255113780613,0,1,0,1,1,1,1,1,1,1,0
-0.373355219285607,1,1,0,0,0,1,0,1,0,1,0
-0.0192547958478923,0,1,1,0,1,1,0,1,1,1,1
1.37582111194215,0,0,0,0,0,1,1,0,0,1,0
-1.26917996402321,0,1,1,0,1,1,1,1,0,1,1
-1.43899748119543,1,1,0,1,0,0,1,0,0,1,1
-1.65235535790207,1,1,1,1,1,1,1,1,1,1,1
0.392340464337155,1,1,0,0,1,1,0,0,1,0,1
-0.247508086278537,0,1,1,1,1,1,1,1,1,0,0
-2.89714920157941,1,1,1,1,0,1,0,1,1,1,1
-0.744459220034116,0,1,1,0,0,1,0,0,0,1,1
-2.3081209137222,1,1,1,1,0,1,0,0,1,0,1
-0.083491018318114,1,0,1,0,1,1,1,0,1,0,1
3.52011245264156,1,0,0,1,0,0,1,1,0,1,0
1.36461738813318,0,0,0,0,1,1,0,1,1,1,1
-0.407341287158732,0,0,0,0,1,0,0,1,1,0,0
-1.28078649880854,0,0,0,0,0,1,1,1,1,1,0
-2.87224621086835,1,1,1,1,1,0,1,0,1,1,1
-0.242730076562641,0,0,0,1,0,0,1,0,1,1,0
3.43479341475885,1,0,0,0,0,0,0,0,1,0,0
-3.35495338743135,1,1,1,1,1,0,1,0,1,1,1
-1.58390693837992,0,0,1,1,0,0,0,0,1,0,0
0.0878910443010148,1,1,1,1,0,1,1,1,1,0,1
-0.577699682705547,1,0,1,1,0,1,0,1,0,0,0
-2.17808318296481,1,1,0,1,0,0,0,0,1,1,1
0.760048834827339,0,1,0,0,0,1,1,1,0,0,1
-0.244480590739767,0,0,0,0,1,0,1,0,1,0,1
0.808726207719079,0,0,1,0,1,0,0,0,0,1,0
1.10107537083802,0,0,0,0,0,1,0,0,0,1,0
0.168623672858103,1,1,1,0,0,1,1,0,1,1,0
-0.445974140379377,0,1,1,0,0,1,0,1,1,0,0
0.823626945891916,0,1,1,1,1,0,0,0,1,1,0
4.26894911659978,1,0,0,1,1,1,1,1,1,1,0
-0.268901598581777,1,1,0,0,0,0,0,0,1,1,1
-1.57810289525731,1,1,1,1,0,0,1,1,1,1,1
-2.27892858491925,1,1,0,1,1,0,0,1,1,1,0
-1.35670579621755,0,0,0,0,1,1,0,0,1,1,0
-1.03161841021837,0,1,1,0,0,0,1,1,0,1,0
1.18760361064193,0,1,1,1,0,0,0,0,0,1,0
1.24630409970822,0,0,0,0,0,0,0,0,1,0,0
-0.546013911462589,0,1,1,0,0,1,0,0,0,1,0
0.27985637254797,0,0,0,1,0,1,1,1,1,0,0
-1.8902914795673,1,1,1,1,1,1,1,1,1,1,1
-0.621691650158122,0,0,1,1,0,0,1,0,0,0,0
0.557510678447631,1,0,1,1,0,0,1,1,0,1,0
0.918920406366442,0,0,1,1,0,1,0,0,0,0,1
1.05254887672014,1,1,1,0,0,0,0,1,0,1,0
-0.0552821347402616,1,1,0,0,1,1,1,0,0,1,0
0.538422425124296,0,1,1,1,1,0,1,1,1,1,0
2.50523454784894,1,0,0,1,1,1,1,0,1,1,0
-0.554321165725377,0,0,1,0,0,0,0,1,0,1,0
-0.117939397645705,0,1,1,1,1,1,1,1,0,1,1
-1.00365040935992,0,0,1,0,0,1,1,0,0,1,1
0.71840468852467,1,1,0,0,1,1,1,0,0,0,0
2.52301158760828,0,1,1,1,1,1,1,1,0,1,1
-1.9219519894834,1,1,1,1,0,1,0,1,1,1,1
3.52582559899779,1,0,0,1,1,1,0,0,1,0,0
-0.161119614181738,0,0,1,0,0,1,1,0,0,0,1
-0.264684527502518,0,1,1,1,0,1,1,0,0,1,1
-0.672600683257858,1,1,0,0,1,1,0,0,0,0,0
2.33495979038207,1,0,0,1,1,1,1,1,0,0,0
-0.280783637641728,0,1,0,0,0,0,1,1,1,1,1
-1.62256759799821,0,1,1,0,1,1,0,1,1,1,1
2.11442262629006,0,1,0,1,0,0,0,1,0,0,0
-2.82941208190429,1,1,1,1,1,1,0,0,1,0,0
0.791759100803964,0,0,0,0,0,0,1,0,0,1,0
-2.47885660295132,1,1,0,1,1,1,0,1,0,1,1
1.45419990102703,0,1,1,1,0,1,0,1,0,0,0
0.627535705729719,0,0,1,0,1,0,0,0,1,1,0
-3.99303332184074,1,1,0,1,1,1,1,1,1,0,0
-2.24782650869254,0,1,0,1,1,0,1,0,0,0,1
-0.0977905720427201,0,0,0,0,0,1,0,0,1,0,0
-0.887618295988975,0,1,1,1,0,1,0,0,1,1,0
0.718236943263362,0,0,0,1,0,0,0,0,1,0,1
-0.0108092398523281,0,0,1,1,1,1,1,0,0,0,0
0.290957139904344,1,1,0,0,1,0,1,0,1,1,0
-0.649415991180864,1,1,1,1,1,0,1,1,1,0,0
0.0578101411093057,1,0,0,1,0,0,1,1,0,0,0
-0.242110664385363,0,0,1,0,0,1,0,1,0,0,0
-0.329248104926127,0,1,1,1,0,1,0,0,1,0,0
0.461793790259093,1,0,1,1,0,1,0,0,1,0,1
0.371518353234044,0,0,1,1,1,1,0,1,1,0,0
1.85861520988376,0,0,1,1,1,1,1,1,1,0,1
-0.378543678381984,0,0,1,0,1,1,1,0,1,0,0
-0.840198768746577,1,1,0,0,1,0,1,1,1,0,1
-0.0890089567233895,1,1,0,0,0,0,1,1,0,1,0
0.0052443992987028,1,1,1,1,1,1,0,0,1,0,0
0.0110110688242014,0,1,1,1,1,0,1,0,1,1,1
0.188246418119878,0,1,0,1,1,0,1,0,1,1,0
-0.296208239530359,0,1,1,1,1,1,1,1,1,0,0
-0.112672495507877,1,1,1,0,1,0,0,1,0,1,0
1.79833636609108,0,0,0,0,1,1,0,1,1,0,1
-2.56101070151939,1,1,0,1,1,1,1,0,1,1,1
-2.22540089831777,1,1,0,1,1,0,1,1,0,1,1
-2.82721168616678,1,1,1,1,0,1,1,0,1,1,1
2.252132610582,1,0,0,1,0,0,1,1,0,0,1
0.484117282374539,0,0,1,1,0,1,1,1,0,0,0
-3.37343513748587,1,1,1,1,0,1,1,1,0,1,0
-0.524105303405683,0,0,0,0,1,0,0,1,0,0,1
-0.476632493221367,0,0,1,1,0,1,1,0,0,1,1
0.968253262005854,0,1,0,0,1,1,0,0,1,1,1
-1.05314756937784,0,0,1,1,1,0,1,1,0,1,1
-0.976699086473676,0,0,0,0,0,0,1,1,0,1,1
2.60096653352495,1,0,0,1,0,1,1,0,1,1,1
-2.50466697381857,1,1,1,1,1,0,1,1,0,0,1
-1.28370302451696,0,1,0,0,0,1,1,1,1,1,1
1.50852064058775,1,0,1,1,1,0,1,1,1,1,1
3.42966602522468,1,0,0,1,0,1,1,0,0,1,0
-0.715226834002213,0,0,1,0,0,0,1,0,1,0,0
-0.657715215397968,0,0,1,0,1,1,0,0,1,0,1
-0.39903101801661,0,0,0,1,1,1,0,1,0,0,0
0.763695099969627,1,0,0,1,0,1,1,0,1,0,0
-1.25263674213048,0,0,0,1,0,1,1,1,1,1,1
0.395768438177341,0,0,0,0,1,0,1,0,0,0,0
0.741929720276085,0,0,1,0,0,1,0,0,1,1,1
0.0372196113299671,0,0,1,0,0,1,0,0,1,0,1
-0.673080908035005,0,0,1,1,1,1,1,1,1,1,0
0.411531870200084,0,0,0,0,1,0,0,0,1,1,1
-0.411170779441306,0,1,1,0,1,0,0,0,1,0,1
3.0215617038934,1,0,0,0,0,1,0,0,0,0,1
-1.61278370863018,1,1,1,0,1,0,1,0,1,0,1
-1.10600506160747,1,1,0,1,1,1,1,0,1,1,1
-2.82419586017882,1,1,1,1,1,1,0,1,1,1,1
2.9093860878152,1,0,0,0,1,0,1,1,1,1,0
-0.915971028578524,0,1,1,0,1,1,1,0,0,0,0
0.0355984486203151,1,1,0,0,1,0,1,1,1,0,1
0.333266547981151,1,1,1,1,0,1,1,1,1,1,1
-2.09064177116282,1,1,0,1,1,0,0,1,0,0,1
1.44423569569028,1,0,0,1,0,0,1,0,0,1,0
0.154073504891781,1,0,1,1,1,1,0,1,1,0,1
0.861075784882749,0,1,1,0,0,1,1,0,0,0,1
0.505936259462067,0,0,1,0,1,1,1,0,1,0,1
0.510746078217256,0,1,1,0,0,0,1,0,1,0,0
-0.477402408077905,0,1,0,0,1,0,1,1,1,1,0
0.974858083685605,0,1,1,1,0,1,1,0,0,1,1
0.517327955631799,0,1,0,1,1,0,1,1,1,0,0
0.415950750594787,0,0,1,1,0,1,0,0,0,0,1
0.37018633471344,1,1,1,0,0,1,0,0,0,1,0
-0.241224439775273,0,1,0,1,0,1,1,0,0,0,1
-2.26361083981206,1,1,0,1,1,1,1,1,0,1,1
-0.102607694232837,0,1,0,1,0,1,1,0,1,1,0
0.170068478947758,0,0,0,1,1,0,1,1,0,0,1
-2.06677540224173,1,1,1,1,1,0,0,0,1,0,1
2.93047515707179,1,0,0,1,0,0,0,0,1,0,1
1.86380357128739,1,0,0,1,1,1,1,0,0,1,0
-0.438524480205677,1,0,1,0,1,0,0,1,1,0,1
-0.214225874247186,1,0,0,1,0,0,1,0,0,0,1
1.07250669978784,0,1,1,1,0,1,0,0,0,0,1
1.47064741677051,1,1,1,0,0,0,1,1,0,1,1
-1.65658439239563,1,1,0,1,0,1,0,1,1,0,0
1.05462851457828,1,0,0,1,1,0,1,0,0,1,0
-1.96416935152136,0,0,1,1,0,1,1,0,1,1,0
-1.80736920362449,0,0,1,1,1,1,0,1,0,1,1
1.31085116208332,0,1,0,0,1,1,0,1,1,0,1
2.70668402796176,1,0,0,0,0,0,0,1,1,0,1
0.732715302545441,1,0,1,1,0,1,1,1,1,1,0
1.59386380898684,1,0,0,1,1,0,0,1,0,1,1
0.757989515128685,1,0,0,1,1,1,1,1,1,0,1
-0.79036286463928,0,0,1,1,0,0,0,0,1,0,0
0.342998095582364,0,1,1,0,0,0,1,0,0,1,0
2.08162830392101,1,0,0,0,0,1,0,0,0,1,0
-0.0335849707990023,0,0,0,0,0,0,0,1,0,1,0
-0.717505837981828,0,0,0,0,1,1,1,0,0,1,0
-1.66588058719304,0,1,0,1,1,0,0,1,0,1,1
1.45082544175691,1,0,0,1,0,1,0,1,1,1,1
-0.219971789922297,0,1,0,1,1,0,1,1,1,1,0
0.567037839946083,0,0,1,0,1,1,1,1,0,1,0
0.610129084766968,1,1,0,0,0,1,1,0,0,0,0
0.134146826625452,1,1,0,0,0,0,0,0,0,0,0
0.610419170928109,0,0,1,1,0,0,0,1,1,1,0
0.0327071882214506,0,0,1,1,1,0,1,0,0,1,0
1.74190983709844,1,0,0,0,0,1,1,0,1,0,1
-1.04070465618249,1,1,1,1,1,1,1,1,1,0,1
-1.39834245467308,0,1,0,0,0,1,1,0,1,1,1
1.48206781980359,1,1,0,0,1,1,0,1,0,0,0
-0.349637416170737,0,1,0,0,1,0,1,1,0,1,1
-2.41169695504979,1,1,0,1,0,1,1,0,1,0,1
-0.536580284625483,0,1,1,0,0,0,0,1,0,0,0
-2.43253005283275,1,1,0,1,0,0,0,1,1,0,0
1.01278214829693,0,0,1,1,1,0,1,0,0,0,0
1.89081349243416,0,1,1,1,1,1,1,0,0,0,1
-1.66250120761128,1,1,1,1,0,1,1,1,1,0,0
-1.40130749210103,1,1,0,1,1,0,1,0,1,0,0
-0.574108801860933,0,0,1,0,1,0,1,1,0,0,1
-0.656643563467757,0,0,1,0,0,1,1,1,0,0,1
-1.89298371357588,1,1,1,1,0,1,1,0,1,0,0
2.4082534477596,1,0,0,1,1,1,1,0,1,0,0
-0.240565063309199,0,1,1,1,1,0,0,0,0,1,0
-0.327224184935227,0,1,1,0,0,1,1,1,0,1,1
-1.43421231466233,0,1,0,1,0,1,0,1,0,0,0
-0.516356763240512,1,1,0,0,1,0,1,0,0,0,0
-0.0168947886620425,1,0,1,1,1,1,1,0,0,1,1
-1.9223153219024,0,0,1,1,0,1,1,1,0,1,1
-1.76938600148872,1,1,0,1,0,0,1,0,0,1,1
0.00171401870559597,0,1,0,1,0,0,0,1,1,0,0
1.57515056630752,1,0,1,1,1,1,0,0,0,1,1
0.0394799029740015,0,0,1,0,0,1,1,0,0,1,0
-0.93621370387014,1,1,0,1,0,1,0,0,1,1,0
1.165109245304,0,0,1,1,1,1,1,1,0,0,1
-0.012029293532601,1,0,1,1,1,1,0,1,0,1,0
0.38636156700641,1,1,0,0,0,0,0,0,0,1,0
0.44606452038552,0,0,1,1,1,0,0,1,1,1,1
-0.485081038441204,0,0,1,1,1,0,0,1,1,0,1
0.43728166408737,1,0,1,1,0,0,0,0,0,0,0
-2.75306785374627,1,1,1,1,1,0,0,0,1,1,1
-0.816191665430903,1,1,1,0,1,0,1,1,0,0,1
-0.378040792547225,0,1,0,0,1,0,1,1,1,1,0
-0.42006458557248,0,0,1,1,1,0,1,0,1,0,0
-0.421569132761482,0,1,1,0,0,0,0,1,0,1,0
-0.298784264653571,0,0,1,0,0,1,0,0,0,0,0
-0.140286595688658,0,0,0,1,1,0,0,0,1,1,1
2.01909111203101,1,0,0,1,0,0,1,0,1,0,1
-0.493345697204213,0,1,1,1,0,1,0,1,1,1,1
-1.17482590568043,0,0,1,0,0,0,0,1,1,0,1
2.66085368315026,0,0,0,0,0,1,0,0,1,0,0
1.47535219842816,1,1,0,0,1,1,1,0,1,0,0
-0.256749000743694,0,0,1,0,0,0,0,1,0,0,1
-2.07875790975518,1,1,1,1,1,1,0,1,1,1,0
0.551560122809867,0,1,0,1,1,0,0,1,1,1,0
-1.43007809675766,0,1,0,0,1,1,1,0,0,0,1
-0.48032832161934,0,1,1,0,1,1,0,1,1,1,1
-1.29399471892789,1,1,0,1,1,1,1,1,0,1,0
-0.55708738361331,0,0,0,1,0,0,1,1,0,1,1
1.2667218287089,1,0,0,0,1,0,0,1,0,1,1
0.200774889209196,0,1,1,1,1,0,1,1,1,0,0
-2.31131739490571,1,1,0,1,1,1,0,0,0,1,1
0.602600736895241,0,1,1,1,0,1,1,0,1,0,0
1.1480646364929,0,0,1,0,0,1,1,0,0,1,1
-0.653546703954327,1,1,1,1,0,0,1,1,1,0,1
-1.65505778159732,0,1,0,1,0,0,0,1,1,1,0
-0.00343576619605463,0,1,1,0,1,1,1,0,1,1,0
-2.76009172128728,1,1,1,1,1,1,1,1,1,1,0
-1.17257121325166,1,1,0,0,0,1,0,0,1,0,0
-3.02618383509191,0,0,1,0,1,1,1,0,1,0,1
-0.308672151617713,0,1,1,0,0,0,1,0,0,0,0
-1.08435633516558,1,1,1,0,1,1,0,0,1,1,1
1.4899711851395,1,1,0,0,0,1,0,0,0,1,1
-2.98788703299083,1,1,1,1,0,0,0,0,0,0,0
-1.6560203593801,0,1,1,0,0,1,1,0,0,1,1
0.638375873441996,0,1,0,0,0,0,1,0,1,1,0
-0.440377234491774,0,0,1,1,1,1,1,0,1,1,1
1.51102734654179,1,0,0,0,0,0,0,0,1,1,0
-2.31743029729608,0,1,1,0,1,1,0,0,1,1,1
0.145199887294947,1,0,0,0,1,1,0,1,0,0,1
-0.071835949984266,1,1,0,0,1,1,1,0,1,0,0
0.0346412541421597,0,1,1,0,0,1,1,1,0,0,0
-2.0291383199073,0,1,1,1,1,0,0,1,0,0,0
-1.07653097467039,1,1,1,1,0,1,0,0,1,1,0
2.87024295797125,1,0,0,1,1,0,0,0,0,1,0
2.9315607879151,1,0,0,1,1,1,1,1,0,0,0
1.72775216457285,0,0,1,1,0,1,1,0,0,1,1
0.195651324890386,0,1,0,0,1,0,0,0,0,1,1
0.785986896470779,0,0,1,0,1,0,1,0,1,0,1
0.18190132519277,0,0,0,0,1,1,1,1,0,0,0
0.498267517893596,0,0,1,1,1,1,0,0,0,0,0
1.25877821027334,0,1,1,0,0,0,1,1,0,0,1
-0.266315696714335,0,1,1,0,1,0,1,1,0,1,1
-0.177025357224564,0,1,1,1,1,1,0,1,1,1,1
-1.20716588944831,0,0,1,1,0,0,0,1,0,0,0
2.17772317655959,1,0,0,1,0,1,1,1,0,1,0
-1.0374292633671,1,1,1,1,1,0,0,1,0,0,0
-2.83860975958469,1,1,0,1,0,1,1,1,0,1,1
-0.735818176078221,1,1,1,1,1,1,1,1,1,1,1
-2.34345247088535,0,0,1,1,0,0,1,1,1,1,1
-2.295731968373,1,1,1,1,1,0,1,0,1,1,1
0.525381401569949,1,1,1,0,1,0,0,1,0,0,1
-0.272233284962642,0,1,0,0,1,1,1,0,1,1,1
-2.4080000594993,1,1,1,1,0,1,1,1,1,0,0
-0.886921492710704,0,1,1,1,0,0,1,0,1,1,0
1.17965217586047,0,1,0,0,1,1,0,1,0,1,1
0.13658013337351,0,0,1,0,0,1,1,0,0,0,0
-0.738383038921396,0,0,0,1,1,1,1,0,0,0,1
-0.00434335495859046,0,1,1,0,0,0,1,0,0,0,0
-0.307839009378639,0,1,1,1,0,1,0,0,0,0,0
-1.09756029811105,1,1,1,1,1,1,0,0,1,1,1
-0.157287711466446,0,1,0,1,0,1,0,0,1,1,1
-0.167975663702458,0,0,1,1,1,1,1,0,1,0,1
-0.796154759848052,1,1,0,1,0,1,0,1,0,0,0
0.0969404370613711,1,0,1,1,1,1,1,1,0,0,0
0.993197068322847,1,0,1,1,0,1,0,1,1,0,0
0.372358504472383,0,1,1,1,1,1,1,1,1,1,1
1.93893524940327,1,0,0,0,0,0,0,0,0,1,0
1.17633540877089,0,1,0,1,0,1,0,1,0,1,0
-0.202297316959744,0,0,0,1,1,0,0,0,0,0,0
0.561471892965211,1,0,1,1,0,1,1,1,1,1,0
-0.0195573819456754,0,0,1,0,0,0,0,0,0,0,0
-2.00650202846562,1,1,1,1,0,0,1,1,1,1,1
-2.76223619531485,1,1,1,1,1,1,1,0,0,0,0
-1.64280401521358,0,1,0,0,0,0,1,0,1,0,0
-0.000574806801753154,0,1,1,1,1,1,1,0,0,0,1
2.85918714387654,0,0,0,1,0,0,1,0,0,0,0
-1.81879400638283,0,0,0,1,1,0,0,1,0,0,0
0.434209201753585,0,1,1,1,1,1,1,1,0,0,0
2.81371791833679,1,0,0,0,0,1,1,1,0,1,0
0.0501038718259409,1,0,1,0,1,1,0,1,0,0,0
1.61252045058727,1,1,0,0,1,1,1,0,1,0,1
-2.11826833249641,1,1,0,1,1,1,0,1,0,0,0
0.465268951836999,0,0,1,0,1,1,1,1,1,0,0
-2.15715459622391,1,1,1,1,1,1,1,1,1,0,1
0.0436088778688108,1,1,1,1,1,1,0,1,1,1,0
4.33021130629451,1,0,0,1,0,1,1,0,0,1,1
-0.524340254880914,0,1,1,1,0,1,1,1,0,0,0
0.160152147251808,1,0,0,1,1,0,1,0,1,0,0
0.813488538694173,0,0,1,0,0,1,1,0,0,0,0
0.616942923909631,0,0,1,0,0,0,1,0,0,0,0
-0.939456833719756,0,1,1,0,0,0,0,1,0,1,1
-0.721833795237833,1,1,0,0,0,0,0,1,0,1,0
-0.652630073445046,0,0,0,0,0,1,1,1,1,1,0
-0.704880737049465,0,1,0,1,1,1,1,0,1,0,1
0.664465927575034,0,0,0,0,0,0,0,1,0,0,0
1.17388577126298,0,0,0,1,0,0,0,0,0,1,0
-0.816580761858832,0,0,0,0,0,0,1,1,1,1,0
-1.54731734478498,0,0,0,0,0,0,0,0,1,1,0
-0.159836987200776,0,0,1,0,0,1,1,0,1,0,0
1.22517328096018,1,0,0,1,1,1,1,0,0,0,1
0.763113278331304,0,1,1,0,1,0,1,1,0,0,1
0.628627247095962,1,1,0,0,1,1,1,0,1,1,0
0.113312107119615,0,1,0,0,0,1,0,0,1,1,0
-1.59658855923606,1,1,1,1,1,0,0,0,0,1,1
-1.75791523425542,1,1,0,1,1,1,1,0,1,1,1
0.263332493119313,0,0,1,0,1,1,0,1,1,1,0
3.12518443664031,1,0,0,1,1,0,0,0,0,1,0
-0.739237518703168,0,1,0,1,0,0,0,1,0,0,1
-1.34096294915129,0,1,1,0,1,0,0,0,0,1,0
-0.110100271452765,0,0,0,0,1,0,0,1,0,0,1
1.0262138038157,0,1,0,0,1,1,0,0,0,1,0
-4.11568772760693,1,1,1,1,1,1,1,0,1,1,0
0.291621478291718,0,0,1,1,1,0,0,1,0,1,1
1.31682484320126,1,1,0,0,1,0,1,1,1,1,1
-2.02969895532073,1,1,1,1,1,0,0,0,1,1,1
-1.55477869961501,1,1,1,1,0,1,0,1,1,1,0
-1.22283933243184,0,0,1,0,0,0,1,0,1,0,0
1.05402108079277,0,0,0,0,0,0,0,0,1,0,1
-2.48564258936621,1,1,1,1,0,1,0,0,0,0,1
0.705079260277099,1,1,0,0,1,1,0,0,0,1,1
-2.09599207177439,1,1,0,1,1,0,0,0,0,0,1
-0.642655455602095,0,1,1,1,1,0,0,0,0,0,0
-3.29286666994273,0,1,1,1,1,0,1,1,0,0,0
-0.180152961350844,0,1,0,0,0,1,0,1,1,0,1
0.213546472163373,0,1,1,1,0,1,0,1,1,0,0
0.200900639513776,0,0,1,1,1,1,1,0,0,1,0
1.84347078087047,0,0,1,0,1,0,0,1,1,1,1
-0.860862202069263,0,0,1,0,1,1,0,1,0,0,0
-0.0626468735271971,0,0,1,0,0,0,0,1,0,1,0
-0.754526208865709,0,0,0,1,0,0,1,0,1,0,0
1.52976950009917,0,0,0,0,0,1,0,1,0,0,1
-0.9771476598663,0,0,0,1,0,1,0,1,0,1,1
0.62828731212292,0,0,1,0,1,1,0,0,1,0,1
-2.30748495452723,0,1,1,1,1,1,1,1,0,1,1
1.15759276347046,0,1,1,0,0,0,0,1,1,0,1
-0.0141820616133134,0,0,0,0,0,1,0,1,0,1,0
0.0428237170334987,0,0,1,1,0,0,0,0,0,0,0
0.679835628152861,0,1,1,0,0,0,0,1,0,1,1
-0.00248520501483753,1,0,1,1,0,1,0,1,1,0,1
-1.49393996737096,0,0,1,0,0,1,0,0,1,1,1
2.47411846660981,0,1,1,0,0,1,0,0,1,0,0
1.51693521315755,1,0,0,0,0,0,0,1,1,0,0
0.34275815858086,0,0,0,0,0,1,0,0,0,0,1
-0.55545944518684,0,0,0,1,1,0,1,0,1,0,0
0.809823798202123,0,0,1,1,0,1,1,1,1,1,1
-1.77633070683726,0,0,1,0,0,0,1,0,1,1,1
2.67523379903992,1,0,0,1,1,1,0,0,1,0,1
0.39778975568329,0,1,1,1,1,1,0,1,1,0,0
-0.631977057690675,0,1,1,0,1,0,1,0,0,1,0
-1.71274100069337,0,0,1,1,0,0,0,1,0,0,1
-0.515880288079047,0,1,1,0,0,1,1,1,1,1,1
-2.68908481328708,1,1,1,1,1,0,1,1,0,1,1
-0.0231260557432062,0,1,1,1,1,0,1,0,1,0,1
3.1486404674077,1,0,0,1,0,0,1,1,1,0,0
-0.708854531786671,0,0,1,0,0,1,1,0,1,1,0
0.324660882403668,0,1,1,0,1,0,0,1,1,0,1
2.45802478131144,0,0,0,0,0,1,1,1,1,1,0
1.71051884942166,1,0,1,1,1,1,0,0,0,1,0
-0.0148439309417018,0,0,1,1,1,1,0,0,1,0,1
-1.03270199662865,0,0,0,0,0,1,0,0,1,0,0
-2.32090942544732,1,1,1,1,0,0,1,1,1,1,1
-2.59114191536474,1,1,1,1,1,0,0,0,0,0,1
-2.08864300380373,1,1,1,1,1,0,1,1,1,1,1
-0.281311388904119,0,0,1,1,1,0,1,1,0,1,1
2.58486964423231,1,0,0,0,1,0,1,0,0,0,0
-2.68263475156137,1,1,0,1,1,0,1,0,1,0,0
1.29833431551947,0,0,0,0,0,0,0,0,0,1,0
-0.666371854403264,0,0,0,1,1,1,0,1,1,1,0
-1.56011294267708,0,0,0,1,0,1,0,1,1,0,0
-0.368866358963356,0,0,1,1,0,0,1,1,1,1,0
-1.09693342445725,1,1,1,1,1,1,0,1,0,1,1
-1.41814912093226,1,1,1,1,0,1,1,0,1,1,1
-0.485196919378942,0,1,1,0,0,1,0,0,0,1,0
1.93520762271674,1,0,0,0,1,1,1,0,0,0,0
-2.34565360764532,0,0,1,1,1,1,0,0,0,1,0
-0.842281518275947,0,1,0,0,0,0,1,1,1,1,0
-1.74674310273589,0,0,1,0,0,1,1,0,0,0,1
-0.268576745314953,0,1,0,1,1,1,0,1,1,1,0
-0.524523474041407,0,0,0,0,1,0,0,0,0,1,1
1.99235047679696,1,0,0,1,1,1,1,0,0,1,0
-0.931896053617145,1,0,1,1,1,0,0,0,0,0,1
-1.93719443587843,1,1,1,1,0,1,1,1,1,1,0
0.84719927229364,1,0,1,1,1,0,1,1,0,0,0
-2.17140072939583,0,1,1,1,0,1,1,0,0,1,0
0.0720555506298199,0,1,1,1,0,1,0,1,1,1,1
-0.0835019905774918,0,0,0,0,0,0,0,0,0,1,1
1.12233789795531,0,1,0,1,1,0,0,1,1,1,1
-1.61664060310854,1,1,0,1,1,0,1,1,1,1,0
0.118120861495719,0,0,1,1,0,0,1,1,0,1,1
0.897177622290127,0,1,1,1,1,1,1,1,1,0,1
1.53367583742245,1,0,0,0,0,1,0,1,1,0,0
1.50210317723077,1,0,0,1,0,0,1,0,0,1,1
1.46175012128056,1,1,0,0,0,1,0,1,1,0,1
0.158347730433774,1,1,0,1,1,0,0,0,0,1,1
1.57560863102245,0,1,1,1,1,1,1,1,1,1,1
-0.755166312631891,1,1,1,1,0,1,0,0,1,1,0
-1.3328424321119,0,1,0,0,0,0,1,1,1,0,1
-0.154224993398846,1,0,1,1,1,1,1,1,1,1,1
-1.37018238332481,1,1,0,1,1,1,1,1,0,1,1
1.77691882767688,1,0,0,1,1,1,1,0,1,0,0
-1.80122634534262,1,1,0,1,0,1,1,1,1,1,0
-0.197919926301067,0,0,1,0,1,1,1,1,0,1,0
0.0124904161497823,0,1,0,0,1,0,1,1,0,1,1
0.68447741646716,0,1,1,1,0,0,0,0,1,0,0
0.986319519321132,0,1,0,0,1,0,1,1,0,0,1
-0.930725908310281,0,1,0,1,1,1,0,0,0,0,0
1.27244527768253,0,1,1,0,1,1,1,0,1,1,0
0.595816972740257,0,0,0,0,1,0,0,0,1,0,0
-0.380043546916899,0,1,1,0,1,1,0,1,1,1,0
-0.877324146105346,1,1,0,0,1,0,0,1,0,1,0
1.13350403252116,0,0,1,0,0,1,0,0,1,1,1
-0.323059014590557,0,0,1,0,1,1,1,1,0,0,1
1.10405252658752,0,0,1,0,1,0,1,1,0,0,1
0.222272096007728,1,0,0,0,0,1,0,0,0,0,0
3.15416778263674,1,0,0,0,0,0,0,0,0,1,1
-1.19889340673953,0,0,0,0,1,1,0,0,0,0,1
-0.539011977228999,0,0,0,1,0,0,1,1,0,1,0
0.136392965923894,0,1,1,0,0,1,0,1,1,0,0
-4.2717021861841,1,1,0,1,0,1,1,0,0,1,1
-1.81949844692683,1,1,1,1,0,0,1,0,1,0,0
-0.975298210320023,0,0,0,0,0,0,0,0,0,0,0
0.674346381493406,0,0,0,0,1,0,0,0,1,0,1
2.11747830230782,1,0,0,1,0,0,0,0,1,0,1
1.68339944122076,0,0,1,0,0,0,1,0,1,1,1
0.544751598500016,1,0,0,0,0,0,0,1,0,0,1
0.837533734009032,0,0,0,1,1,0,1,0,0,1,0
0.798994914414246,0,1,0,1,1,0,1,1,0,0,0
0.367114821010523,1,0,1,1,0,1,0,0,1,1,1
0.670834561070683,0,0,0,0,0,0,0,1,0,0,0
-0.393579669259217,1,1,1,1,1,1,0,1,1,1,0
-0.214136627343931,1,1,1,0,1,1,0,1,1,1,1
2.21739703784821,1,0,0,1,1,0,0,0,0,1,1
-3.61744817873051,1,1,1,1,0,1,0,1,1,0,1
-0.1128194344857,0,0,0,0,0,0,1,0,1,0,0
-1.4668582032463,1,1,0,0,1,1,0,1,1,1,1
-0.80574967500958,1,0,1,1,1,0,0,0,0,0,0
-0.508222332092583,0,0,0,0,0,0,1,0,1,0,0
-0.678245265160962,0,0,1,0,1,0,0,0,0,1,0
-0.877985891803494,0,0,1,0,0,0,0,1,1,1,1
-0.644272462011356,0,0,0,1,1,0,1,0,1,1,0
-2.30560643942786,1,1,1,1,0,1,0,0,0,0,0
0.0576158281597459,1,1,0,0,0,0,0,0,0,0,0
1.14692953631547,1,0,0,1,0,1,0,1,0,1,0
-0.471415646683974,0,1,1,1,1,0,1,1,1,1,0
-0.125146112334027,0,0,0,0,0,1,0,0,0,1,0
-0.159899369593227,0,0,0,1,0,1,0,0,0,0,0
0.784119892540944,0,1,1,1,1,1,1,0,1,1,0
-0.211726289119316,0,1,0,0,0,1,0,0,0,1,1
0.0434895401912926,0,0,1,1,0,0,1,0,1,1,1
-2.00288803956882,1,1,0,1,0,1,1,1,1,0,1
0.776418274743767,0,1,1,1,0,0,1,1,1,0,1
0.394569739101738,1,0,0,0,1,0,0,1,1,1,0
1.0975484823127,1,1,0,0,0,0,1,0,1,1,0
-0.625858812088732,1,1,1,0,1,0,1,1,1,0,1
1.82858148355668,1,0,0,1,0,0,1,0,0,0,1
0.106016236102052,0,0,0,1,1,0,0,1,0,0,1
-1.7780704308744,0,0,0,1,0,0,0,1,1,0,0
-0.695708698619474,0,0,0,1,1,0,1,0,0,1,1
-1.21426871455453,0,0,0,0,0,1,1,0,0,0,0
-0.344782404112935,0,0,1,0,1,0,1,1,0,1,0
2.48838555382454,1,0,0,1,1,1,0,1,0,0,0
1.50455250005011,1,0,0,0,0,1,0,0,0,0,1
0.511160679725304,0,0,1,0,1,1,1,0,0,0,1
0.815919415894659,1,0,1,1,1,0,1,0,0,1,0
0.503695556551665,0,1,1,1,1,0,1,1,0,1,1
3.99342368738814,1,0,0,1,1,1,1,1,1,1,1
0.28526416160517,0,1,0,0,0,0,1,0,0,1,1
0.787204198102528,0,0,1,1,1,0,0,0,0,0,0
-1.70527578894806,1,1,0,1,1,1,1,0,1,1,1
1.52591936654894,0,0,0,1,0,0,0,1,1,0,1
0.0745165587661669,0,0,1,1,0,1,0,0,0,0,0
0.157186440349398,0,1,1,1,0,1,1,0,0,0,0
-0.893102435021603,1,1,0,0,0,0,1,1,1,1,1
0.725413313202654,1,1,0,0,0,1,1,1,0,1,1
-0.168746739508903,1,0,1,1,0,0,1,0,1,0,0
-0.814315697725569,0,0,1,0,0,1,0,0,1,0,0
-0.661344830071844,0,1,1,1,0,1,1,1,1,0,0
0.721403159550095,1,1,1,0,1,1,1,0,0,1,1
2.07943170576804,1,0,0,1,1,0,0,1,0,1,0
1.0207515872182,0,1,1,1,0,0,1,0,1,1,0
-0.434804149382658,0,0,1,0,1,0,0,0,0,0,1
-0.157080115502271,0,0,1,1,1,1,0,1,1,0,1
1.06916048848281,0,0,0,1,1,0,0,0,0,0,0
-2.64405530395724,0,0,1,0,1,1,1,0,0,1,1
1.0257630748697,1,0,1,0,1,0,0,1,0,0,1
-0.948428871382923,0,1,1,0,1,1,1,0,1,1,1
0.173982206483735,0,0,1,0,0,1,0,0,1,1,0
-0.583981271717149,0,0,0,0,0,1,0,1,0,0,0
-1.22025135127561,0,0,0,1,1,0,1,1,1,1,0
1.68059825654362,1,1,0,0,1,0,1,0,0,1,1
-0.382231072455132,0,1,0,0,0,1,0,0,0,1,1
0.477653752328139,1,1,0,1,1,1,0,1,0,1,1
-0.630307899752843,0,1,0,0,1,0,0,1,0,0,1
-2.21309626643683,1,1,1,1,1,1,1,0,1,0,0
-0.791817180433032,0,0,0,0,1,0,0,1,1,1,1
0.038448336166328,0,1,0,0,1,0,0,1,1,1,0
-0.149177033604343,0,0,1,1,1,0,0,0,1,1,1
2.64829501213084,1,0,0,0,1,0,0,0,0,1,1
-0.241916717485049,1,0,1,1,1,0,0,1,0,0,1
2.27287859120212,1,0,0,0,0,0,1,1,1,1,1
0.268502238314132,0,1,1,0,0,0,1,0,0,1,1
-1.26439036038109,0,1,1,1,1,0,0,0,0,0,0
-1.59684252602533,1,1,1,0,0,1,0,1,0,1,0
-0.370919486136066,0,0,1,1,1,1,1,0,0,0,0
-1.50275898951651,0,0,1,1,1,1,1,1,1,1,1
1.63158958620248,0,0,1,0,0,0,0,0,1,0,0
1.202809243865,0,1,1,1,0,1,0,1,0,0,1
-1.34433600791291,0,1,0,0,1,0,1,0,1,1,1
-1.47875681956217,1,1,0,1,1,0,1,0,1,0,0
-2.65448508536205,0,1,1,1,0,1,1,1,0,0,1
-1.70597581044657,1,1,1,1,1,1,1,0,0,0,1
0.196097541627302,0,0,1,1,1,1,0,1,1,1,1
0.668004972361311,0,1,1,1,1,1,1,1,1,1,1
0.684684517875585,0,0,0,0,0,0,0,0,0,1,0
0.870227393975553,0,0,1,1,1,0,1,1,1,0,0
-1.57241693885098,0,1,0,1,0,0,1,0,0,0,0
-1.09816628408879,1,1,0,1,1,1,0,1,0,1,0
-2.79888281382951,1,1,1,1,1,1,1,0,1,0,1
0.847930611160599,0,0,0,1,0,1,0,0,0,0,1
-0.15960392761041,0,1,0,0,0,1,1,1,0,1,1
-1.2710936650991,1,1,0,1,1,0,1,0,1,0,1
0.312336906622983,0,0,0,1,0,1,1,1,1,1,1
1.14496355037386,0,1,0,1,0,0,1,0,1,0,0
-2.49927238683058,0,1,1,0,0,1,0,1,1,1,0
-3.36101868221479,1,1,0,1,1,1,0,1,1,1,1
-0.123773285564562,0,1,1,0,1,0,0,0,1,0,0
1.46489214986704,1,0,1,1,0,1,1,0,0,1,0
-1.66756858194061,0,0,0,0,0,0,1,1,0,0,0
-1.0933987805223,1,1,1,1,0,1,1,0,0,0,0
2.27756453436757,1,0,0,1,1,0,0,1,1,0,1
0.551926552597172,0,0,0,0,0,0,0,0,1,0,0
0.967380144986032,0,0,1,0,0,1,0,1,0,1,0
1.69577141778955,0,1,0,1,1,1,0,1,0,0,1
0.220523490530104,0,0,1,1,0,1,0,0,1,0,0
1.49700207972019,0,0,1,0,0,1,1,0,1,1,1
-0.525136402801887,1,1,0,1,1,1,0,0,0,0,1
-0.556360227339359,0,0,0,0,0,1,0,0,0,0,1
0.403461161594878,0,0,1,0,0,1,0,1,0,1,1
3.6595571110379,1,0,0,1,0,1,0,0,0,0,1
-2.58407811116409,0,0,1,1,0,1,0,0,0,1,1
-3.35389116094065,1,1,0,1,1,1,1,1,1,1,1
-0.0351579825757842,0,1,0,0,1,1,0,1,1,1,1
-0.0890239942881983,1,0,1,1,0,1,1,0,0,1,0
-1.71582633480386,1,1,0,1,0,1,1,0,0,1,0
0.22510623179177,0,0,0,1,0,1,1,0,0,0,0
-0.692396727093221,0,0,1,1,1,1,0,1,0,0,0
-1.10954476108505,1,0,1,1,1,1,1,0,0,1,1
0.62498179626943,0,0,1,1,1,0,1,1,1,1,1
-1.18404556753149,0,0,0,0,0,1,1,1,0,1,0
1.17428611534031,0,0,0,0,0,0,0,1,1,1,0
-1.11650214430843,1,1,1,0,0,1,1,0,1,0,0
-3.98986571519929,1,1,1,1,1,1,1,1,0,0,0
-2.16810294605857,1,1,0,1,0,1,0,1,1,0,1
-0.00122151540999385,0,1,0,0,0,0,1,1,1,0,0
2.36168764946369,1,0,0,1,1,1,1,0,1,1,0
-1.46481803269325,0,1,0,0,1,1,1,0,1,1,0
-1.86732613326589,1,1,0,1,0,1,1,1,1,1,0
1.8924807732969,1,0,0,0,1,1,0,0,0,1,0
2.9753964636032,1,0,0,0,1,0,0,0,0,1,0
-0.127863888832125,0,0,1,0,0,0,1,0,1,1,1
-0.467689124136929,0,0,0,1,0,1,0,0,0,1,0
-0.883316608518992,0,0,1,1,1,0,0,1,1,1,1
-0.263255698632571,0,1,1,0,0,1,0,1,0,1,0
1.02070093820942,0,0,0,0,0,1,0,0,1,0,0
1.17955861630547,1,0,0,1,1,1,1,0,0,0,1
0.631918425822914,0,0,0,1,0,0,1,1,1,0,0
0.001464785768751,0,1,1,0,1,1,0,1,1,1,1
0.342934490467208,0,1,0,1,1,0,0,1,0,0,1
-0.275848303318357,0,1,0,1,0,0,0,0,1,1,1
1.99551384326369,1,0,0,0,1,0,0,0,0,0,0
-1.30909828790232,0,1,1,1,1,1,0,1,0,1,0
-2.0908266317543,1,1,0,1,0,1,1,0,1,1,0
0.934101939489789,1,0,0,0,1,1,1,0,1,0,1
0.400379702181012,1,0,0,1,0,1,0,1,1,0,0
0.481562990761519,0,0,0,0,0,0,1,0,1,0,0
-0.982626809275553,0,0,1,0,1,0,1,0,1,1,1
-0.1241950734009,0,1,1,0,0,1,0,1,0,0,0
-0.774885265428139,0,1,1,1,1,0,1,1,1,1,0
0.24389714747596,0,0,1,0,1,1,0,1,1,0,1
-2.61123941197458,1,1,1,1,1,1,1,1,0,1,1
-0.369907225222304,0,1,0,0,0,1,1,0,1,0,1
3.6291947114344,1,0,0,1,0,0,0,1,1,0,0
1.91001096776883,0,0,1,1,0,0,1,1,1,1,1
-1.83495917581576,0,0,1,0,0,1,0,0,0,0,1
-0.899059788465534,0,1,1,1,0,1,1,0,1,0,0
-1.60668217782252,1,1,1,1,0,1,1,1,0,0,1
-2.00392555757009,1,1,0,1,0,0,1,0,1,0,0
-1.8470625479532,1,1,0,1,1,1,1,1,1,1,1
-0.956145675820509,0,0,1,0,0,0,0,1,1,0,1
0.603433812131842,0,0,0,1,0,1,0,1,0,1,0
1.90651583620868,1,0,0,1,0,0,0,0,0,0,0
0.353547867700279,1,1,0,0,0,1,0,1,0,0,1
0.987483870641083,0,0,0,0,0,1,1,1,1,1,1
-0.146379873626155,0,1,1,1,0,1,1,1,1,0,0
-1.06641485621789,0,0,0,1,0,0,1,0,0,0,0
-0.129979312215301,0,0,0,1,0,1,1,1,1,1,1
-2.39428176750153,0,1,1,0,1,1,0,1,0,0,0
0.399668760116884,0,1,0,0,0,0,0,0,0,0,0
-4.32605949036646,1,1,1,1,1,1,0,1,1,1,1
0.107378459630655,0,0,0,1,1,0,1,0,0,0,0
1.25265404262018,1,0,0,0,0,0,1,1,0,1,1
2.97549681038704,0,1,1,1,1,1,0,1,1,1,1
-0.176314931563934,0,0,1,1,0,0,1,0,1,1,1
1.8000795165931,0,0,0,1,1,0,1,0,0,0,0
-0.506987969944797,0,0,1,0,1,0,0,0,0,0,0
0.492182816870307,0,1,1,0,1,1,1,1,1,0,1
-0.165414814517477,1,0,1,1,0,0,1,0,0,0,1
-1.45957415578129,0,1,0,1,0,1,1,0,0,0,1
0.0907972404497824,0,0,1,0,1,1,1,1,1,0,1
-0.359031982756582,0,0,1,0,0,1,1,0,1,1,0
0.752526252185069,0,1,1,1,0,0,1,0,1,0,0
0.173862370364796,0,0,1,0,1,1,0,1,0,0,1
0.620670093510735,0,0,1,1,1,1,0,1,1,0,1
0.983027426392517,0,0,0,0,0,0,1,0,1,0,1
-0.505853114874383,0,1,1,1,0,1,0,1,0,0,0
-1.38162982229775,1,1,0,1,0,0,1,1,1,0,1
0.045834340312463,1,1,0,0,1,1,0,1,0,0,0
-0.371459999000925,0,0,1,0,0,0,0,1,0,0,1
0.550647228702004,0,1,1,1,1,0,0,1,1,0,0
-2.59694649614802,1,1,1,1,0,1,0,1,1,1,1
3.35599910514971,1,0,0,1,0,1,0,0,0,0,0
0.299734247972193,1,1,1,0,1,1,1,0,0,1,0
2.14852229586001,1,0,0,1,0,1,0,1,0,1,0
-1.53124483744218,0,1,1,0,1,0,0,1,1,0,1
1.60180745491689,0,1,1,0,1,1,1,1,1,1,1
2.67284068076176,1,0,0,1,1,0,0,0,0,0,0
-1.23033031307955,0,1,0,0,1,0,0,1,0,0,0
-1.96211441865588,1,1,1,1,1,1,1,1,1,1,0
0.152922836489634,0,1,0,1,0,1,1,0,1,0,0
0.437696795721343,0,1,0,0,0,0,1,0,1,0,0
-0.0754069204354628,0,0,1,1,0,1,1,0,0,1,1
-4.06211795537327,1,1,1,1,0,1,0,1,1,0,1
-0.0634751358058927,1,0,0,1,1,0,1,1,1,0,0
1.12538099747472,1,1,1,0,0,1,1,0,1,1,0
3.8732504856141,1,0,0,1,0,1,0,0,1,1,0
-1.9183149736048,1,1,0,1,0,1,1,1,1,1,1
-1.42432187756994,1,0,1,1,1,1,0,1,1,1,1
-2.10643379653158,1,1,0,1,1,1,0,0,0,1,0
-0.131236240277417,0,1,1,1,1,1,1,1,0,0,0
1.08978949598769,0,1,1,1,0,1,1,0,0,0,1
-2.84432922643243,1,1,0,1,0,1,1,1,0,1,1
-3.34096157814949,1,1,0,1,0,1,1,1,0,0,1
0.806400227020668,0,1,1,1,0,1,0,1,1,1,0
-0.509937854087438,0,0,1,0,0,0,1,1,1,1,1
0.0824762908838943,0,0,0,0,1,1,1,1,1,0,1
-0.299381083922571,0,1,1,0,1,1,1,1,1,1,1
1.31295622116579,0,1,1,1,1,0,1,0,1,1,1
0.68740978270457,0,1,1,0,0,0,1,1,0,1,1
-2.48917942967001,1,1,1,1,0,0,1,0,1,0,0
0.0062042045758626,0,1,1,0,1,0,0,0,0,1,1
-0.14337286498742,1,0,1,1,0,0,1,0,1,0,1
0.0938114624824695,1,1,0,0,1,1,1,0,0,1,0
-1.18365376131374,1,1,0,1,1,1,0,1,1,1,1
-2.43556944740758,1,1,1,1,0,0,1,1,1,0,1
0.474851511848197,0,1,1,0,0,0,0,0,1,0,0
2.19063029571807,1,0,0,1,1,0,0,0,1,0,1
-1.08740560094841,1,1,0,0,0,0,1,1,0,0,1
-0.587633459877245,0,1,1,1,1,0,1,1,1,0,1
-0.934052608261576,0,1,1,0,0,0,1,0,0,1,0
-0.383764598340754,0,1,0,0,1,0,0,0,0,0,1
0.464385819827184,0,0,0,0,1,1,0,1,0,0,1
3.25549686584608,1,0,0,0,1,0,0,1,1,0,0
-0.680425848187001,0,0,0,0,0,1,1,1,0,1,0
1.88865574698191,0,0,1,1,0,1,0,1,1,1,1
0.0623055890249888,0,0,1,1,0,0,0,0,1,1,1
-0.2665819574184,0,0,0,0,0,1,1,0,0,0,0
-2.29398936237865,0,1,0,0,0,0,1,0,0,0,0
-1.60240751441289,0,0,0,0,0,1,0,0,0,1,1
0.83958488258461,0,0,1,0,0,0,1,0,1,0,0
-0.548418831772213,0,1,1,0,1,1,1,1,1,0,0
1.11861746720946,0,0,1,0,1,0,0,0,0,0,0
1.56121609159565,0,0,0,0,0,0,1,0,1,1,0
-0.852226398226888,0,0,0,0,0,1,1,0,0,0,1
1.78095529699867,0,1,0,0,1,1,1,0,1,0,0
0.027730061716052,0,0,1,0,1,0,1,0,0,0,1
-1.25911685036716,1,1,1,1,1,0,1,0,1,0,0
2.37959984305387,1,0,0,0,0,0,1,0,1,1,0
-1.4251562334275,0,1,1,1,1,0,1,0,1,1,0
0.579777136113314,0,0,1,0,0,1,0,1,0,1,1
-0.603499040876908,0,0,1,1,1,1,1,1,1,0,0
-1.92213281168612,0,0,0,0,0,0,0,0,0,0,1
-0.743876855336953,0,0,0,0,1,1,1,1,1,1,0
-1.83836274492978,0,0,1,0,1,1,1,1,1,1,0
1.85994432709072,1,0,0,1,1,1,1,1,0,0,1
-0.957334036675407,0,0,1,1,1,0,1,0,0,0,0
-1.42388457383315,1,1,1,1,0,1,1,1,1,0,1
-0.0811931005359484,0,1,1,0,1,0,0,1,0,1,1
0.976623519914767,0,1,1,0,1,1,0,0,0,0,1
-2.53101717592835,1,1,1,1,1,1,1,1,1,0,1
1.04403030733711,0,1,0,0,1,0,0,0,0,0,1
0.0636406189462501,0,0,1,1,1,0,1,0,0,1,0
-1.89942656673327,0,1,0,1,1,1,1,1,1,1,1
-0.930695375414725,0,1,1,0,0,1,0,0,1,0,0
2.17716815916982,1,0,0,0,0,0,0,0,0,1,0
-2.19849403141131,1,1,1,1,0,1,0,1,0,1,0
1.69142982379816,1,0,0,1,1,1,1,1,0,0,0
-1.84409308145389,0,0,0,0,1,0,1,0,1,1,0
-1.91924770308703,1,1,0,1,0,1,1,0,1,1,1
-0.546019995847245,1,1,1,0,1,0,0,1,1,1,0
2.23908856276331,1,0,0,1,0,0,1,1,1,0,0
-0.16594180562596,0,1,1,1,0,1,0,1,0,0,0
-1.43589631828445,1,1,1,1,0,1,1,1,1,1,0
-0.80659938433264,1,1,0,0,0,1,1,0,0,0,1
4.22097927595877,1,0,0,1,1,1,0,1,0,1,0
-1.11146398511193,0,1,0,1,1,1,1,0,0,0,0
0.616975395994773,0,0,1,1,0,0,1,0,1,1,1
-1.64034167322316,1,1,1,1,1,1,1,1,0,0,1
0.186602865349335,0,1,1,0,0,0,1,0,1,0,1
-1.42498445161184,1,1,0,1,1,1,1,1,0,1,1
-0.35679313399413,1,0,1,1,0,0,1,0,1,0,1
0.284536016486625,1,1,0,0,0,0,0,0,0,0,1
0.072001552275465,1,1,0,0,1,0,1,1,1,0,1
-0.159170205095671,0,0,1,0,1,0,0,0,0,0,1
1.38462571679059,0,0,1,1,0,1,1,1,0,1,0
0.455334871346678,0,0,1,0,0,1,1,0,1,1,0
1.26656348253232,0,0,1,0,1,1,0,1,0,0,1
0.057598750490703,1,0,1,1,1,1,0,1,1,1,1
-0.402324091085766,0,0,1,1,0,0,0,0,0,0,1
-0.781917355252055,0,0,1,0,1,1,0,0,1,0,1
-1.09450165053978,1,1,0,1,1,0,1,0,1,0,0
-1.72008306671319,0,0,0,0,0,0,1,1,1,0,0
1.59826463541834,1,1,0,0,0,0,0,0,0,0,1
-2.3000439050326,1,1,0,1,1,1,0,1,0,1,1
-1.07762685916617,1,1,0,0,0,0,0,0,0,0,0
-2.58287410645719,1,1,0,1,1,1,0,0,1,1,1
0.301046407318349,1,1,0,0,1,1,1,0,0,1,0
0.802015136637054,0,0,1,1,1,0,0,1,1,0,1
-0.390978764979111,1,0,0,1,0,0,1,1,1,0,0
-1.96206306964589,0,1,1,0,0,1,1,1,1,1,0
-2.07105838571455,0,0,0,0,0,0,0,1,1,1,0
2.77628444216879,0,1,1,0,0,1,0,1,1,1,0
0.0795004512848893,0,1,1,0,1,1,1,1,0,1,1
-2.64815374833647,0,1,1,1,1,0,0,1,0,0,1
2.04465049156661,1,0,0,1,1,1,0,1,1,0,1
1.56488524740424,0,0,1,1,0,0,0,0,0,0,0
-3.79656428284632,1,1,1,1,1,1,1,1,1,1,1
0.809774625838358,1,0,0,1,1,0,0,0,1,1,0
-0.45150192548824,0,0,0,0,0,0,0,0,0,0,1
-0.612210635092931,0,1,0,1,1,1,1,0,1,1,0
0.0257050025726612,0,0,1,1,0,1,1,1,1,0,1
-1.15992406474033,1,1,0,1,0,1,1,1,1,0,1
1.12219195323444,1,0,1,1,1,1,0,1,1,1,1
5.07100198103651,1,0,0,0,0,1,1,1,0,0,1
2.41442416488803,1,0,0,0,0,1,0,0,1,0,1
-2.29867314119884,0,0,1,0,0,0,1,0,0,0,0
-0.0310792546640564,0,0,0,0,0,0,1,1,1,0,0
-0.912066261732664,1,1,1,1,1,0,1,0,0,0,1
-0.280176626677623,0,1,0,0,1,0,0,1,1,1,0
-0.462624419888655,0,0,0,0,0,0,0,0,0,0,1
0.327939223438382,1,0,1,0,1,1,1,1,1,0,1
-1.76401746918819,0,0,1,1,0,1,0,0,1,1,0
1.30296425154041,0,0,1,1,1,1,1,1,0,0,0
0.545579007224404,0,1,1,0,0,1,1,1,1,1,1
0.300497950423015,1,1,1,0,1,0,0,1,1,1,1
2.04828792796483,1,0,0,0,0,0,0,1,0,0,1
-1.53696628067338,1,1,1,1,0,0,0,1,0,0,1
0.457326785646333,1,1,0,0,1,0,1,1,1,1,1
-1.68492764391553,1,1,1,1,1,0,1,1,1,0,0
-0.685541271889118,0,1,0,0,0,0,0,1,0,1,1
-0.603097734592808,1,1,1,0,1,0,0,0,1,1,1
-0.316089560645779,0,1,1,0,1,1,1,0,1,1,1
1.17222487074013,0,0,0,1,1,0,1,1,0,0,1
0.814048946643967,0,1,1,1,1,1,1,0,0,1,1
-1.21925199540339,1,1,0,1,0,0,1,1,0,0,1
-0.842595804614698,0,0,1,0,0,0,1,0,0,0,1
0.0121060155660385,0,1,1,1,1,1,0,1,0,0,0
-0.545115453629584,1,1,0,1,1,1,1,0,0,0,0
0.637957492639606,0,0,0,1,0,0,0,1,0,1,1
-1.03715633119374,0,1,1,1,1,1,0,1,1,1,1
0.727396817620231,0,0,1,0,1,1,0,1,1,1,1
-1.17721493033601,1,1,0,1,0,0,0,0,0,0,0
0.156914202110576,0,1,1,1,0,0,0,0,1,0,1
0.78655005509283,0,0,0,0,1,0,1,0,0,0,1
1.28155650710887,0,1,1,1,0,0,0,1,0,0,0
2.60537950247536,1,0,0,0,1,0,1,0,0,0,0
2.33039328594444,1,0,0,0,1,1,1,0,0,0,0
-0.480929545635646,1,1,0,0,0,1,0,1,1,1,0
-2.04188057253983,1,1,1,1,1,0,1,0,1,0,1
0.611770468200094,0,0,0,0,1,0,1,0,0,1,0
-0.702838841610747,0,1,1,0,0,0,0,1,0,1,1
1.69882635965454,0,0,1,0,0,0,0,1,0,1,1
0.667967598590509,0,1,0,0,1,0,1,0,1,1,1
0.905329851270792,0,1,1,0,1,0,0,1,0,0,0
1.75959144397391,1,1,0,0,1,1,1,0,0,1,1
-1.40442147537287,0,0,0,1,1,0,0,1,1,1,0
0.144231125761503,0,1,0,1,1,0,1,0,1,1,0
-1.76490912999835,1,0,1,0,0,1,0,1,0,1,0
0.281130292172809,0,1,1,0,0,0,0,1,0,0,0
-0.858664156086166,1,1,0,1,1,0,0,1,1,0,1
-0.869300069428585,0,1,0,0,0,0,0,1,1,1,0
0.139976216425064,0,0,1,0,1,0,0,1,1,0,0
-0.540453576479284,0,0,0,0,0,0,0,0,0,0,0
0.765607731243248,0,1,1,1,1,1,0,1,1,1,1
-1.60266315900768,1,1,1,1,0,0,0,1,1,1,1
-0.228562664239466,0,0,0,1,0,0,0,0,0,1,1
-4.55546231569713,1,1,0,1,1,0,0,1,0,0,0
-1.34157388521646,1,1,1,1,1,1,1,1,1,1,1
0.0787583781721444,0,0,0,1,1,1,0,0,1,0,1
-1.52315149402127,1,1,0,1,1,0,0,0,1,1,0
-1.55341180367645,1,0,1,1,0,1,0,0,0,0,0
-1.6807873080685,0,0,1,1,0,1,0,0,1,1,1
0.163898385281519,0,0,1,0,0,0,0,1,0,1,1
-0.642164938031781,0,0,0,0,0,1,1,0,1,0,1
-1.87352628977592,1,0,1,1,0,1,1,1,0,0,1
-2.65245474819935,1,1,0,1,0,0,1,1,0,1,0
-1.2113969283841,1,1,0,1,0,1,1,1,0,0,0
-1.79222625616882,1,1,1,1,0,1,1,1,1,1,1
-0.885348638403648,0,1,1,0,0,0,1,0,1,0,0
0.50787763749742,0,0,1,0,0,1,0,0,0,0,0
-2.76974519233946,1,1,1,1,0,1,0,1,1,1,1
-3.38836720120681,1,1,1,1,1,1,0,0,1,1,0
0.383964485898795,1,1,0,0,0,0,0,0,0,0,1
-0.421034080737964,1,0,0,1,0,1,0,1,1,0,1
0.905325494244952,0,1,0,1,0,0,1,1,0,0,1
0.268833172485017,0,0,1,0,0,0,0,0,0,1,1
2.76118235608292,1,0,0,1,0,1,0,0,1,1,0
-1.44026582054731,0,1,0,1,1,1,1,1,1,0,0
1.45549555813481,1,1,0,0,0,0,0,0,0,0,1
-0.651500450417977,0,0,0,0,1,0,1,1,1,0,1
-0.890703944855067,0,1,0,0,0,1,1,1,0,0,0
2.37542277878991,1,0,0,1,0,0,0,0,0,0,0
-1.59429468477822,0,1,0,0,0,0,1,0,1,1,1
-2.98142849341013,1,1,0,1,1,1,0,0,1,0,1
-0.465521773256426,1,1,0,0,0,1,1,1,1,0,1
-2.72125903677466,1,1,0,1,0,1,1,0,0,1,1
-0.307623138264957,0,0,0,1,1,0,0,0,1,1,0
-1.07053142240805,1,1,0,1,0,0,1,1,0,1,0
0.569312467886216,0,1,0,1,1,1,0,1,1,1,1
-0.0181587387711678,0,1,1,0,0,1,1,0,0,0,0
-2.12126167336101,1,1,1,1,0,0,0,1,1,0,1
0.381123289720609,1,1,0,0,0,1,0,0,1,1,0
0.147616555663695,1,1,0,0,0,0,1,0,1,1,1
-1.30357765915324,0,1,1,1,1,0,0,1,1,0,1
-3.38694062330344,1,1,0,1,0,1,1,0,0,1,1
0.175133512417462,0,1,0,1,0,1,0,0,0,1,0
1.66467263906768,0,1,0,1,1,1,1,0,0,1,0
0.949909361282842,1,0,0,1,0,0,1,0,0,0,1
0.754047202022838,0,1,1,0,1,0,0,0,1,1,0
-1.05899467886552,0,1,1,1,1,1,0,1,1,0,1
0.943511415090019,0,0,1,1,0,1,1,1,1,0,0
1.66877451794641,0,0,1,0,1,0,0,0,1,0,1
0.495705957792637,0,1,0,0,0,0,1,0,1,0,0
0.362533938248274,1,0,1,1,1,1,0,1,1,1,1
-1.77434905102114,1,1,0,1,1,1,1,0,1,0,1
0.0987111656795995,1,1,0,0,1,0,0,0,0,1,0
-0.899683994440715,0,1,0,0,1,0,1,1,0,1,1
-1.18247242533986,1,1,0,1,0,0,1,0,1,0,0
0.50250344397075,1,1,0,0,0,1,0,1,0,1,0
1.33744416117734,1,0,0,0,0,0,1,0,0,1,1
0.33714387240111,1,1,1,0,0,0,0,1,1,0,1
1.69527052501599,1,0,0,0,1,1,0,0,1,0,1
